split,unit,template_id,slice,family,size,seed,placement_jitter,canonical_config,horizon,optimal_actions,n_free_cells,betti_z2,betti_z2_sealed
train,BankRobber,TopoGym/BankRobber-v0,Texture,BankRobber,50,2000,0,TG-Texture-BankRobber-seed2000,390,127,2216,1 0 0,5 4 0
train,BankRobber,TopoGym/BankRobber-v0,Texture,BankRobber,50,2001,0,TG-Texture-BankRobber-seed2001,340,111,2216,1 0 0,5 4 0
train,BankRobber,TopoGym/BankRobber-v0,Texture,BankRobber,50,2002,0,TG-Texture-BankRobber-seed2002,520,171,2216,1 0 0,5 4 0
train,BankRobber,TopoGym/BankRobber-v0,Texture,BankRobber,50,2003,0,TG-Texture-BankRobber-seed2003,300,100,2216,1 0 0,5 4 0
train,BankRobber,TopoGym/BankRobber-v0,Texture,BankRobber,50,2004,0,TG-Texture-BankRobber-seed2004,340,113,2216,1 0 0,5 4 0
train,BankRobber,TopoGym/BankRobber-v0,Texture,BankRobber,50,2005,0,TG-Texture-BankRobber-seed2005,410,136,2216,1 0 0,5 4 0
train,Bottleneck3-100,TopoGym/Bottleneck3-100-v0,GridWorld2D,Bottleneck,100,2000,6,TG-GridWorld2D-S100-C0-D0-cs24-ds8-sep2-shpSq-cl3-rm6-j6-corridor-slip0-seed2000,350,115,3471,1 0 0,1 0 0
train,Bottleneck3-100,TopoGym/Bottleneck3-100-v0,GridWorld2D,Bottleneck,100,2001,6,TG-GridWorld2D-S100-C0-D0-cs24-ds8-sep2-shpSq-cl3-rm6-j6-corridor-slip0-seed2001,360,118,3471,1 0 0,1 0 0
train,Bottleneck3-100,TopoGym/Bottleneck3-100-v0,GridWorld2D,Bottleneck,100,2002,6,TG-GridWorld2D-S100-C0-D0-cs24-ds8-sep2-shpSq-cl3-rm6-j6-corridor-slip0-seed2002,430,143,3471,1 0 0,1 0 0
train,Bottleneck3-100,TopoGym/Bottleneck3-100-v0,GridWorld2D,Bottleneck,100,2003,6,TG-GridWorld2D-S100-C0-D0-cs24-ds8-sep2-shpSq-cl3-rm6-j6-corridor-slip0-seed2003,590,194,3471,1 0 0,1 0 0
train,Bottleneck3-100,TopoGym/Bottleneck3-100-v0,GridWorld2D,Bottleneck,100,2004,6,TG-GridWorld2D-S100-C0-D0-cs24-ds8-sep2-shpSq-cl3-rm6-j6-corridor-slip0-seed2004,420,139,3471,1 0 0,1 0 0
train,Bottleneck3-100,TopoGym/Bottleneck3-100-v0,GridWorld2D,Bottleneck,100,2005,6,TG-GridWorld2D-S100-C0-D0-cs24-ds8-sep2-shpSq-cl3-rm6-j6-corridor-slip0-seed2005,310,101,3471,1 0 0,1 0 0
train,Bottleneck6-100,TopoGym/Bottleneck6-100-v0,GridWorld2D,Bottleneck,100,2000,6,TG-GridWorld2D-S100-C0-D0-cs24-ds8-sep2-shpSq-cl6-rm6-j6-corridor-slip0-seed2000,380,125,3486,1 0 0,1 0 0
train,Bottleneck6-100,TopoGym/Bottleneck6-100-v0,GridWorld2D,Bottleneck,100,2001,6,TG-GridWorld2D-S100-C0-D0-cs24-ds8-sep2-shpSq-cl6-rm6-j6-corridor-slip0-seed2001,390,128,3486,1 0 0,1 0 0
train,Bottleneck6-100,TopoGym/Bottleneck6-100-v0,GridWorld2D,Bottleneck,100,2002,6,TG-GridWorld2D-S100-C0-D0-cs24-ds8-sep2-shpSq-cl6-rm6-j6-corridor-slip0-seed2002,460,153,3486,1 0 0,1 0 0
train,Bottleneck6-100,TopoGym/Bottleneck6-100-v0,GridWorld2D,Bottleneck,100,2003,6,TG-GridWorld2D-S100-C0-D0-cs24-ds8-sep2-shpSq-cl6-rm6-j6-corridor-slip0-seed2003,630,207,3486,1 0 0,1 0 0
train,Bottleneck6-100,TopoGym/Bottleneck6-100-v0,GridWorld2D,Bottleneck,100,2004,6,TG-GridWorld2D-S100-C0-D0-cs24-ds8-sep2-shpSq-cl6-rm6-j6-corridor-slip0-seed2004,450,148,3486,1 0 0,1 0 0
train,Bottleneck6-100,TopoGym/Bottleneck6-100-v0,GridWorld2D,Bottleneck,100,2005,6,TG-GridWorld2D-S100-C0-D0-cs24-ds8-sep2-shpSq-cl6-rm6-j6-corridor-slip0-seed2005,330,110,3486,1 0 0,1 0 0
train,ChamberCount1-100,TopoGym/ChamberCount1-200-v0,GridWorld2D,ChamberCount,100,2000,6,TG-GridWorld2D-S100-C1-D0-cs8-ds8-sep2-shpSq-per-sc-j6-open-slip0-seed2000,290,95,9973,1 0 0,2 1 0
train,ChamberCount1-100,TopoGym/ChamberCount1-200-v0,GridWorld2D,ChamberCount,100,2001,6,TG-GridWorld2D-S100-C1-D0-cs8-ds8-sep2-shpSq-per-sc-j6-open-slip0-seed2001,330,107,9973,1 0 0,2 1 0
train,ChamberCount1-100,TopoGym/ChamberCount1-200-v0,GridWorld2D,ChamberCount,100,2002,6,TG-GridWorld2D-S100-C1-D0-cs8-ds8-sep2-shpSq-per-sc-j6-open-slip0-seed2002,270,90,9973,1 0 0,2 1 0
train,ChamberCount1-100,TopoGym/ChamberCount1-200-v0,GridWorld2D,ChamberCount,100,2003,6,TG-GridWorld2D-S100-C1-D0-cs8-ds8-sep2-shpSq-per-sc-j6-open-slip0-seed2003,280,91,9973,1 0 0,2 1 0
train,ChamberCount1-100,TopoGym/ChamberCount1-200-v0,GridWorld2D,ChamberCount,100,2004,6,TG-GridWorld2D-S100-C1-D0-cs8-ds8-sep2-shpSq-per-sc-j6-open-slip0-seed2004,300,97,9973,1 0 0,2 1 0
train,ChamberCount1-100,TopoGym/ChamberCount1-200-v0,GridWorld2D,ChamberCount,100,2005,6,TG-GridWorld2D-S100-C1-D0-cs8-ds8-sep2-shpSq-per-sc-j6-open-slip0-seed2005,290,96,9973,1 0 0,2 1 0
train,ChamberCount2-100,TopoGym/ChamberCount2-200-v0,GridWorld2D,ChamberCount,100,2000,6,TG-GridWorld2D-S100-C2-D0-cs8-ds8-sep2-shpSq-per-sc-j6-open-slip0-seed2000,290,96,9946,1 0 0,3 2 0
train,ChamberCount2-100,TopoGym/ChamberCount2-200-v0,GridWorld2D,ChamberCount,100,2001,6,TG-GridWorld2D-S100-C2-D0-cs8-ds8-sep2-shpSq-per-sc-j6-open-slip0-seed2001,330,107,9946,1 0 0,3 2 0
train,ChamberCount2-100,TopoGym/ChamberCount2-200-v0,GridWorld2D,ChamberCount,100,2002,6,TG-GridWorld2D-S100-C2-D0-cs8-ds8-sep2-shpSq-per-sc-j6-open-slip0-seed2002,310,102,9946,1 0 0,3 2 0
train,ChamberCount2-100,TopoGym/ChamberCount2-200-v0,GridWorld2D,ChamberCount,100,2003,6,TG-GridWorld2D-S100-C2-D0-cs8-ds8-sep2-shpSq-per-sc-j6-open-slip0-seed2003,330,109,9946,1 0 0,3 2 0
train,ChamberCount2-100,TopoGym/ChamberCount2-200-v0,GridWorld2D,ChamberCount,100,2004,6,TG-GridWorld2D-S100-C2-D0-cs8-ds8-sep2-shpSq-per-sc-j6-open-slip0-seed2004,320,106,9946,1 0 0,3 2 0
train,ChamberCount2-100,TopoGym/ChamberCount2-200-v0,GridWorld2D,ChamberCount,100,2005,6,TG-GridWorld2D-S100-C2-D0-cs8-ds8-sep2-shpSq-per-sc-j6-open-slip0-seed2005,290,96,9946,1 0 0,3 2 0
train,ChamberCount4-100,TopoGym/ChamberCount4-200-v0,GridWorld2D,ChamberCount,100,2000,6,TG-GridWorld2D-S100-C4-D0-cs8-ds8-sep2-shpSq-per-sc-j6-open-slip0-seed2000,320,106,9892,1 0 0,5 4 0
train,ChamberCount4-100,TopoGym/ChamberCount4-200-v0,GridWorld2D,ChamberCount,100,2001,6,TG-GridWorld2D-S100-C4-D0-cs8-ds8-sep2-shpSq-per-sc-j6-open-slip0-seed2001,330,107,9892,1 0 0,5 4 0
train,ChamberCount4-100,TopoGym/ChamberCount4-200-v0,GridWorld2D,ChamberCount,100,2002,6,TG-GridWorld2D-S100-C4-D0-cs8-ds8-sep2-shpSq-per-sc-j6-open-slip0-seed2002,330,108,9892,1 0 0,5 4 0
train,ChamberCount4-100,TopoGym/ChamberCount4-200-v0,GridWorld2D,ChamberCount,100,2003,6,TG-GridWorld2D-S100-C4-D0-cs8-ds8-sep2-shpSq-per-sc-j6-open-slip0-seed2003,280,93,9892,1 0 0,5 4 0
train,ChamberCount4-100,TopoGym/ChamberCount4-200-v0,GridWorld2D,ChamberCount,100,2004,6,TG-GridWorld2D-S100-C4-D0-cs8-ds8-sep2-shpSq-per-sc-j6-open-slip0-seed2004,300,97,9892,1 0 0,5 4 0
train,ChamberCount4-100,TopoGym/ChamberCount4-200-v0,GridWorld2D,ChamberCount,100,2005,6,TG-GridWorld2D-S100-C4-D0-cs8-ds8-sep2-shpSq-per-sc-j6-open-slip0-seed2005,290,96,9892,1 0 0,5 4 0
train,ChamberCount8-100,TopoGym/ChamberCount8-200-v0,GridWorld2D,ChamberCount,100,2000,6,TG-GridWorld2D-S100-C8-D0-cs8-ds8-sep2-shpSq-per-sc-j6-open-slip0-seed2000,300,99,9784,1 0 0,9 8 0
train,ChamberCount8-100,TopoGym/ChamberCount8-200-v0,GridWorld2D,ChamberCount,100,2001,6,TG-GridWorld2D-S100-C8-D0-cs8-ds8-sep2-shpSq-per-sc-j6-open-slip0-seed2001,210,67,9784,1 0 0,9 8 0
train,ChamberCount8-100,TopoGym/ChamberCount8-200-v0,GridWorld2D,ChamberCount,100,2002,6,TG-GridWorld2D-S100-C8-D0-cs8-ds8-sep2-shpSq-per-sc-j6-open-slip0-seed2002,170,56,9784,1 0 0,9 8 0
train,ChamberCount8-100,TopoGym/ChamberCount8-200-v0,GridWorld2D,ChamberCount,100,2003,6,TG-GridWorld2D-S100-C8-D0-cs8-ds8-sep2-shpSq-per-sc-j6-open-slip0-seed2003,280,91,9784,1 0 0,9 8 0
train,ChamberCount8-100,TopoGym/ChamberCount8-200-v0,GridWorld2D,ChamberCount,100,2004,6,TG-GridWorld2D-S100-C8-D0-cs8-ds8-sep2-shpSq-per-sc-j6-open-slip0-seed2004,280,91,9784,1 0 0,9 8 0
train,ChamberCount8-100,TopoGym/ChamberCount8-200-v0,GridWorld2D,ChamberCount,100,2005,6,TG-GridWorld2D-S100-C8-D0-cs8-ds8-sep2-shpSq-per-sc-j6-open-slip0-seed2005,180,60,9784,1 0 0,9 8 0
train,Chambers2-100,TopoGym/Chambers2-100-v0,GridWorld2D,Chambers,100,2000,6,TG-GridWorld2D-S100-C2-D0-cs8-ds8-sep2-shpSq-per-bl-j6-open-slip0-seed2000,340,111,9946,1 0 0,3 2 0
train,Chambers2-100,TopoGym/Chambers2-100-v0,GridWorld2D,Chambers,100,2001,6,TG-GridWorld2D-S100-C2-D0-cs8-ds8-sep2-shpSq-per-bl-j6-open-slip0-seed2001,350,116,9946,1 0 0,3 2 0
train,Chambers2-100,TopoGym/Chambers2-100-v0,GridWorld2D,Chambers,100,2002,6,TG-GridWorld2D-S100-C2-D0-cs8-ds8-sep2-shpSq-per-bl-j6-open-slip0-seed2002,340,113,9946,1 0 0,3 2 0
train,Chambers2-100,TopoGym/Chambers2-100-v0,GridWorld2D,Chambers,100,2003,6,TG-GridWorld2D-S100-C2-D0-cs8-ds8-sep2-shpSq-per-bl-j6-open-slip0-seed2003,330,110,9946,1 0 0,3 2 0
train,Chambers2-100,TopoGym/Chambers2-100-v0,GridWorld2D,Chambers,100,2004,6,TG-GridWorld2D-S100-C2-D0-cs8-ds8-sep2-shpSq-per-bl-j6-open-slip0-seed2004,360,117,9946,1 0 0,3 2 0
train,Chambers2-100,TopoGym/Chambers2-100-v0,GridWorld2D,Chambers,100,2005,6,TG-GridWorld2D-S100-C2-D0-cs8-ds8-sep2-shpSq-per-bl-j6-open-slip0-seed2005,340,113,9946,1 0 0,3 2 0
train,Chambers2-50,TopoGym/Chambers2-50-v0,GridWorld2D,Chambers,50,2000,3,TG-GridWorld2D-S50-C2-D0-cs8-ds8-sep2-shpSq-per-bl-j3-open-slip0-seed2000,190,61,2446,1 0 0,3 2 0
train,Chambers2-50,TopoGym/Chambers2-50-v0,GridWorld2D,Chambers,50,2001,3,TG-GridWorld2D-S50-C2-D0-cs8-ds8-sep2-shpSq-per-bl-j3-open-slip0-seed2001,200,66,2446,1 0 0,3 2 0
train,Chambers2-50,TopoGym/Chambers2-50-v0,GridWorld2D,Chambers,50,2002,3,TG-GridWorld2D-S50-C2-D0-cs8-ds8-sep2-shpSq-per-bl-j3-open-slip0-seed2002,190,61,2446,1 0 0,3 2 0
train,Chambers2-50,TopoGym/Chambers2-50-v0,GridWorld2D,Chambers,50,2003,3,TG-GridWorld2D-S50-C2-D0-cs8-ds8-sep2-shpSq-per-bl-j3-open-slip0-seed2003,180,60,2446,1 0 0,3 2 0
train,Chambers2-50,TopoGym/Chambers2-50-v0,GridWorld2D,Chambers,50,2004,3,TG-GridWorld2D-S50-C2-D0-cs8-ds8-sep2-shpSq-per-bl-j3-open-slip0-seed2004,210,67,2446,1 0 0,3 2 0
train,Chambers2-50,TopoGym/Chambers2-50-v0,GridWorld2D,Chambers,50,2005,3,TG-GridWorld2D-S50-C2-D0-cs8-ds8-sep2-shpSq-per-bl-j3-open-slip0-seed2005,190,62,2446,1 0 0,3 2 0
train,ClownChase,TopoGym/ClownChase-v0,Texture,ClownChase,60,2000,0,TG-Texture-ClownChase-seed2000,130,42,3465,1 3 0,2 4 0
train,ClownChase,TopoGym/ClownChase-v0,Texture,ClownChase,60,2001,0,TG-Texture-ClownChase-seed2001,90,27,3465,1 3 0,2 4 0
train,ClownChase,TopoGym/ClownChase-v0,Texture,ClownChase,60,2002,0,TG-Texture-ClownChase-seed2002,140,44,3465,1 3 0,2 4 0
train,ClownChase,TopoGym/ClownChase-v0,Texture,ClownChase,60,2003,0,TG-Texture-ClownChase-seed2003,160,53,3465,1 3 0,2 4 0
train,ClownChase,TopoGym/ClownChase-v0,Texture,ClownChase,60,2004,0,TG-Texture-ClownChase-seed2004,170,56,3465,1 3 0,2 4 0
train,ClownChase,TopoGym/ClownChase-v0,Texture,ClownChase,60,2005,0,TG-Texture-ClownChase-seed2005,90,27,3465,1 3 0,2 4 0
train,Decoys0-100,TopoGym/Decoys0-50-v0,GridWorld2D,Decoys,100,2000,6,TG-GridWorld2D-S100-C1-D0-cs8-ds8-sep2-shpSq-ctr-ring-bl-j6-open-slip0-seed2000,310,102,9973,1 0 0,2 1 0
train,Decoys0-100,TopoGym/Decoys0-50-v0,GridWorld2D,Decoys,100,2001,6,TG-GridWorld2D-S100-C1-D0-cs8-ds8-sep2-shpSq-ctr-ring-bl-j6-open-slip0-seed2001,350,116,9973,1 0 0,2 1 0
train,Decoys0-100,TopoGym/Decoys0-50-v0,GridWorld2D,Decoys,100,2002,6,TG-GridWorld2D-S100-C1-D0-cs8-ds8-sep2-shpSq-ctr-ring-bl-j6-open-slip0-seed2002,320,106,9973,1 0 0,2 1 0
train,Decoys0-100,TopoGym/Decoys0-50-v0,GridWorld2D,Decoys,100,2003,6,TG-GridWorld2D-S100-C1-D0-cs8-ds8-sep2-shpSq-ctr-ring-bl-j6-open-slip0-seed2003,330,108,9973,1 0 0,2 1 0
train,Decoys0-100,TopoGym/Decoys0-50-v0,GridWorld2D,Decoys,100,2004,6,TG-GridWorld2D-S100-C1-D0-cs8-ds8-sep2-shpSq-ctr-ring-bl-j6-open-slip0-seed2004,340,113,9973,1 0 0,2 1 0
train,Decoys0-100,TopoGym/Decoys0-50-v0,GridWorld2D,Decoys,100,2005,6,TG-GridWorld2D-S100-C1-D0-cs8-ds8-sep2-shpSq-ctr-ring-bl-j6-open-slip0-seed2005,340,113,9973,1 0 0,2 1 0
train,Decoys0-50,TopoGym/Decoys0-50-v0,GridWorld2D,Decoys,50,2000,3,TG-GridWorld2D-S50-C1-D0-cs8-ds8-sep2-shpSq-ctr-ring-bl-j3-open-slip0-seed2000,170,55,2473,1 0 0,2 1 0
train,Decoys0-50,TopoGym/Decoys0-50-v0,GridWorld2D,Decoys,50,2001,3,TG-GridWorld2D-S50-C1-D0-cs8-ds8-sep2-shpSq-ctr-ring-bl-j3-open-slip0-seed2001,200,66,2473,1 0 0,2 1 0
train,Decoys0-50,TopoGym/Decoys0-50-v0,GridWorld2D,Decoys,50,2002,3,TG-GridWorld2D-S50-C1-D0-cs8-ds8-sep2-shpSq-ctr-ring-bl-j3-open-slip0-seed2002,190,62,2473,1 0 0,2 1 0
train,Decoys0-50,TopoGym/Decoys0-50-v0,GridWorld2D,Decoys,50,2003,3,TG-GridWorld2D-S50-C1-D0-cs8-ds8-sep2-shpSq-ctr-ring-bl-j3-open-slip0-seed2003,180,57,2473,1 0 0,2 1 0
train,Decoys0-50,TopoGym/Decoys0-50-v0,GridWorld2D,Decoys,50,2004,3,TG-GridWorld2D-S50-C1-D0-cs8-ds8-sep2-shpSq-ctr-ring-bl-j3-open-slip0-seed2004,190,61,2473,1 0 0,2 1 0
train,Decoys0-50,TopoGym/Decoys0-50-v0,GridWorld2D,Decoys,50,2005,3,TG-GridWorld2D-S50-C1-D0-cs8-ds8-sep2-shpSq-ctr-ring-bl-j3-open-slip0-seed2005,190,62,2473,1 0 0,2 1 0
train,Decoys1-100,TopoGym/Decoys1-50-v0,GridWorld2D,Decoys,100,2000,6,TG-GridWorld2D-S100-C1-D1-cs8-ds8-sep2-shpSq-ctr-ring-bl-j6-open-slip0-seed2000,310,102,9909,1 1 0,2 2 0
train,Decoys1-100,TopoGym/Decoys1-50-v0,GridWorld2D,Decoys,100,2001,6,TG-GridWorld2D-S100-C1-D1-cs8-ds8-sep2-shpSq-ctr-ring-bl-j6-open-slip0-seed2001,350,116,9909,1 1 0,2 2 0
train,Decoys1-100,TopoGym/Decoys1-50-v0,GridWorld2D,Decoys,100,2002,6,TG-GridWorld2D-S100-C1-D1-cs8-ds8-sep2-shpSq-ctr-ring-bl-j6-open-slip0-seed2002,320,106,9909,1 1 0,2 2 0
train,Decoys1-100,TopoGym/Decoys1-50-v0,GridWorld2D,Decoys,100,2003,6,TG-GridWorld2D-S100-C1-D1-cs8-ds8-sep2-shpSq-ctr-ring-bl-j6-open-slip0-seed2003,330,108,9909,1 1 0,2 2 0
train,Decoys1-100,TopoGym/Decoys1-50-v0,GridWorld2D,Decoys,100,2004,6,TG-GridWorld2D-S100-C1-D1-cs8-ds8-sep2-shpSq-ctr-ring-bl-j6-open-slip0-seed2004,340,113,9909,1 1 0,2 2 0
train,Decoys1-100,TopoGym/Decoys1-50-v0,GridWorld2D,Decoys,100,2005,6,TG-GridWorld2D-S100-C1-D1-cs8-ds8-sep2-shpSq-ctr-ring-bl-j6-open-slip0-seed2005,340,113,9909,1 1 0,2 2 0
train,Decoys1-50,TopoGym/Decoys1-50-v0,GridWorld2D,Decoys,50,2000,3,TG-GridWorld2D-S50-C1-D1-cs8-ds8-sep2-shpSq-ctr-ring-bl-j3-open-slip0-seed2000,170,55,2409,1 1 0,2 2 0
train,Decoys1-50,TopoGym/Decoys1-50-v0,GridWorld2D,Decoys,50,2001,3,TG-GridWorld2D-S50-C1-D1-cs8-ds8-sep2-shpSq-ctr-ring-bl-j3-open-slip0-seed2001,200,66,2409,1 1 0,2 2 0
train,Decoys1-50,TopoGym/Decoys1-50-v0,GridWorld2D,Decoys,50,2002,3,TG-GridWorld2D-S50-C1-D1-cs8-ds8-sep2-shpSq-ctr-ring-bl-j3-open-slip0-seed2002,190,62,2409,1 1 0,2 2 0
train,Decoys1-50,TopoGym/Decoys1-50-v0,GridWorld2D,Decoys,50,2003,3,TG-GridWorld2D-S50-C1-D1-cs8-ds8-sep2-shpSq-ctr-ring-bl-j3-open-slip0-seed2003,180,57,2409,1 1 0,2 2 0
train,Decoys1-50,TopoGym/Decoys1-50-v0,GridWorld2D,Decoys,50,2004,3,TG-GridWorld2D-S50-C1-D1-cs8-ds8-sep2-shpSq-ctr-ring-bl-j3-open-slip0-seed2004,190,61,2409,1 1 0,2 2 0
train,Decoys1-50,TopoGym/Decoys1-50-v0,GridWorld2D,Decoys,50,2005,3,TG-GridWorld2D-S50-C1-D1-cs8-ds8-sep2-shpSq-ctr-ring-bl-j3-open-slip0-seed2005,190,62,2409,1 1 0,2 2 0
train,Decoys2-100,TopoGym/Decoys2-50-v0,GridWorld2D,Decoys,100,2000,6,TG-GridWorld2D-S100-C1-D2-cs8-ds8-sep2-shpSq-ctr-ring-bl-j6-open-slip0-seed2000,310,102,9845,1 2 0,2 3 0
train,Decoys2-100,TopoGym/Decoys2-50-v0,GridWorld2D,Decoys,100,2001,6,TG-GridWorld2D-S100-C1-D2-cs8-ds8-sep2-shpSq-ctr-ring-bl-j6-open-slip0-seed2001,350,116,9845,1 2 0,2 3 0
train,Decoys2-100,TopoGym/Decoys2-50-v0,GridWorld2D,Decoys,100,2002,6,TG-GridWorld2D-S100-C1-D2-cs8-ds8-sep2-shpSq-ctr-ring-bl-j6-open-slip0-seed2002,320,106,9845,1 2 0,2 3 0
train,Decoys2-100,TopoGym/Decoys2-50-v0,GridWorld2D,Decoys,100,2003,6,TG-GridWorld2D-S100-C1-D2-cs8-ds8-sep2-shpSq-ctr-ring-bl-j6-open-slip0-seed2003,330,108,9845,1 2 0,2 3 0
train,Decoys2-100,TopoGym/Decoys2-50-v0,GridWorld2D,Decoys,100,2004,6,TG-GridWorld2D-S100-C1-D2-cs8-ds8-sep2-shpSq-ctr-ring-bl-j6-open-slip0-seed2004,340,113,9845,1 2 0,2 3 0
train,Decoys2-100,TopoGym/Decoys2-50-v0,GridWorld2D,Decoys,100,2005,6,TG-GridWorld2D-S100-C1-D2-cs8-ds8-sep2-shpSq-ctr-ring-bl-j6-open-slip0-seed2005,340,113,9845,1 2 0,2 3 0
train,Decoys2-50,TopoGym/Decoys2-50-v0,GridWorld2D,Decoys,50,2000,3,TG-GridWorld2D-S50-C1-D2-cs8-ds8-sep2-shpSq-ctr-ring-bl-j3-open-slip0-seed2000,170,55,2345,1 2 0,2 3 0
train,Decoys2-50,TopoGym/Decoys2-50-v0,GridWorld2D,Decoys,50,2001,3,TG-GridWorld2D-S50-C1-D2-cs8-ds8-sep2-shpSq-ctr-ring-bl-j3-open-slip0-seed2001,200,66,2345,1 2 0,2 3 0
train,Decoys2-50,TopoGym/Decoys2-50-v0,GridWorld2D,Decoys,50,2002,3,TG-GridWorld2D-S50-C1-D2-cs8-ds8-sep2-shpSq-ctr-ring-bl-j3-open-slip0-seed2002,190,62,2345,1 2 0,2 3 0
train,Decoys2-50,TopoGym/Decoys2-50-v0,GridWorld2D,Decoys,50,2003,3,TG-GridWorld2D-S50-C1-D2-cs8-ds8-sep2-shpSq-ctr-ring-bl-j3-open-slip0-seed2003,180,57,2345,1 2 0,2 3 0
train,Decoys2-50,TopoGym/Decoys2-50-v0,GridWorld2D,Decoys,50,2004,3,TG-GridWorld2D-S50-C1-D2-cs8-ds8-sep2-shpSq-ctr-ring-bl-j3-open-slip0-seed2004,190,61,2345,1 2 0,2 3 0
train,Decoys2-50,TopoGym/Decoys2-50-v0,GridWorld2D,Decoys,50,2005,3,TG-GridWorld2D-S50-C1-D2-cs8-ds8-sep2-shpSq-ctr-ring-bl-j3-open-slip0-seed2005,190,62,2345,1 2 0,2 3 0
train,Decoys4-100,TopoGym/Decoys4-50-v0,GridWorld2D,Decoys,100,2000,6,TG-GridWorld2D-S100-C1-D4-cs8-ds8-sep2-shpSq-ctr-ring-bl-j6-open-slip0-seed2000,310,102,9717,1 4 0,2 5 0
train,Decoys4-100,TopoGym/Decoys4-50-v0,GridWorld2D,Decoys,100,2001,6,TG-GridWorld2D-S100-C1-D4-cs8-ds8-sep2-shpSq-ctr-ring-bl-j6-open-slip0-seed2001,350,116,9717,1 4 0,2 5 0
train,Decoys4-100,TopoGym/Decoys4-50-v0,GridWorld2D,Decoys,100,2002,6,TG-GridWorld2D-S100-C1-D4-cs8-ds8-sep2-shpSq-ctr-ring-bl-j6-open-slip0-seed2002,320,106,9717,1 4 0,2 5 0
train,Decoys4-100,TopoGym/Decoys4-50-v0,GridWorld2D,Decoys,100,2003,6,TG-GridWorld2D-S100-C1-D4-cs8-ds8-sep2-shpSq-ctr-ring-bl-j6-open-slip0-seed2003,330,108,9717,1 4 0,2 5 0
train,Decoys4-100,TopoGym/Decoys4-50-v0,GridWorld2D,Decoys,100,2004,6,TG-GridWorld2D-S100-C1-D4-cs8-ds8-sep2-shpSq-ctr-ring-bl-j6-open-slip0-seed2004,340,113,9717,1 4 0,2 5 0
train,Decoys4-100,TopoGym/Decoys4-50-v0,GridWorld2D,Decoys,100,2005,6,TG-GridWorld2D-S100-C1-D4-cs8-ds8-sep2-shpSq-ctr-ring-bl-j6-open-slip0-seed2005,340,113,9717,1 4 0,2 5 0
train,Decoys4-50,TopoGym/Decoys4-50-v0,GridWorld2D,Decoys,50,2000,3,TG-GridWorld2D-S50-C1-D4-cs8-ds8-sep2-shpSq-ctr-ring-bl-j3-open-slip0-seed2000,170,55,2217,1 4 0,2 5 0
train,Decoys4-50,TopoGym/Decoys4-50-v0,GridWorld2D,Decoys,50,2001,3,TG-GridWorld2D-S50-C1-D4-cs8-ds8-sep2-shpSq-ctr-ring-bl-j3-open-slip0-seed2001,200,66,2217,1 4 0,2 5 0
train,Decoys4-50,TopoGym/Decoys4-50-v0,GridWorld2D,Decoys,50,2002,3,TG-GridWorld2D-S50-C1-D4-cs8-ds8-sep2-shpSq-ctr-ring-bl-j3-open-slip0-seed2002,190,62,2217,1 4 0,2 5 0
train,Decoys4-50,TopoGym/Decoys4-50-v0,GridWorld2D,Decoys,50,2003,3,TG-GridWorld2D-S50-C1-D4-cs8-ds8-sep2-shpSq-ctr-ring-bl-j3-open-slip0-seed2003,180,57,2217,1 4 0,2 5 0
train,Decoys4-50,TopoGym/Decoys4-50-v0,GridWorld2D,Decoys,50,2004,3,TG-GridWorld2D-S50-C1-D4-cs8-ds8-sep2-shpSq-ctr-ring-bl-j3-open-slip0-seed2004,190,61,2217,1 4 0,2 5 0
train,Decoys4-50,TopoGym/Decoys4-50-v0,GridWorld2D,Decoys,50,2005,3,TG-GridWorld2D-S50-C1-D4-cs8-ds8-sep2-shpSq-ctr-ring-bl-j3-open-slip0-seed2005,190,62,2217,1 4 0,2 5 0
train,Decoys8-100,TopoGym/Decoys8-50-v0,GridWorld2D,Decoys,100,2000,6,TG-GridWorld2D-S100-C1-D8-cs8-ds8-sep2-shpSq-ctr-ring-bl-j6-open-slip0-seed2000,310,102,9461,1 8 0,2 9 0
train,Decoys8-100,TopoGym/Decoys8-50-v0,GridWorld2D,Decoys,100,2001,6,TG-GridWorld2D-S100-C1-D8-cs8-ds8-sep2-shpSq-ctr-ring-bl-j6-open-slip0-seed2001,350,116,9461,1 8 0,2 9 0
train,Decoys8-100,TopoGym/Decoys8-50-v0,GridWorld2D,Decoys,100,2002,6,TG-GridWorld2D-S100-C1-D8-cs8-ds8-sep2-shpSq-ctr-ring-bl-j6-open-slip0-seed2002,320,106,9461,1 8 0,2 9 0
train,Decoys8-100,TopoGym/Decoys8-50-v0,GridWorld2D,Decoys,100,2003,6,TG-GridWorld2D-S100-C1-D8-cs8-ds8-sep2-shpSq-ctr-ring-bl-j6-open-slip0-seed2003,330,108,9461,1 8 0,2 9 0
train,Decoys8-100,TopoGym/Decoys8-50-v0,GridWorld2D,Decoys,100,2004,6,TG-GridWorld2D-S100-C1-D8-cs8-ds8-sep2-shpSq-ctr-ring-bl-j6-open-slip0-seed2004,340,113,9461,1 8 0,2 9 0
train,Decoys8-100,TopoGym/Decoys8-50-v0,GridWorld2D,Decoys,100,2005,6,TG-GridWorld2D-S100-C1-D8-cs8-ds8-sep2-shpSq-ctr-ring-bl-j6-open-slip0-seed2005,340,113,9461,1 8 0,2 9 0
train,Decoys8-50,TopoGym/Decoys8-50-v0,GridWorld2D,Decoys,50,2000,3,TG-GridWorld2D-S50-C1-D8-cs8-ds8-sep2-shpSq-ctr-ring-bl-j3-open-slip0-seed2000,170,55,1961,1 8 0,2 9 0
train,Decoys8-50,TopoGym/Decoys8-50-v0,GridWorld2D,Decoys,50,2001,3,TG-GridWorld2D-S50-C1-D8-cs8-ds8-sep2-shpSq-ctr-ring-bl-j3-open-slip0-seed2001,200,66,1961,1 8 0,2 9 0
train,Decoys8-50,TopoGym/Decoys8-50-v0,GridWorld2D,Decoys,50,2002,3,TG-GridWorld2D-S50-C1-D8-cs8-ds8-sep2-shpSq-ctr-ring-bl-j3-open-slip0-seed2002,190,62,1961,1 8 0,2 9 0
train,Decoys8-50,TopoGym/Decoys8-50-v0,GridWorld2D,Decoys,50,2003,3,TG-GridWorld2D-S50-C1-D8-cs8-ds8-sep2-shpSq-ctr-ring-bl-j3-open-slip0-seed2003,180,59,1961,1 8 0,2 9 0
train,Decoys8-50,TopoGym/Decoys8-50-v0,GridWorld2D,Decoys,50,2004,3,TG-GridWorld2D-S50-C1-D8-cs8-ds8-sep2-shpSq-ctr-ring-bl-j3-open-slip0-seed2004,190,61,1961,1 8 0,2 9 0
train,Decoys8-50,TopoGym/Decoys8-50-v0,GridWorld2D,Decoys,50,2005,3,TG-GridWorld2D-S50-C1-D8-cs8-ds8-sep2-shpSq-ctr-ring-bl-j3-open-slip0-seed2005,190,62,1961,1 8 0,2 9 0
train,Dilution-50,TopoGym/Dilution-50-v0,GridWorld2D,Dilution,50,2000,3,TG-GridWorld2D-S50-C1-D0-cs8-ds8-sep2-shpSq-ctr-bl-j3-open-slip0-seed2000,170,55,2473,1 0 0,2 1 0
train,Dilution-50,TopoGym/Dilution-50-v0,GridWorld2D,Dilution,50,2001,3,TG-GridWorld2D-S50-C1-D0-cs8-ds8-sep2-shpSq-ctr-bl-j3-open-slip0-seed2001,200,66,2473,1 0 0,2 1 0
train,Dilution-50,TopoGym/Dilution-50-v0,GridWorld2D,Dilution,50,2002,3,TG-GridWorld2D-S50-C1-D0-cs8-ds8-sep2-shpSq-ctr-bl-j3-open-slip0-seed2002,190,62,2473,1 0 0,2 1 0
train,Dilution-50,TopoGym/Dilution-50-v0,GridWorld2D,Dilution,50,2003,3,TG-GridWorld2D-S50-C1-D0-cs8-ds8-sep2-shpSq-ctr-bl-j3-open-slip0-seed2003,180,57,2473,1 0 0,2 1 0
train,Dilution-50,TopoGym/Dilution-50-v0,GridWorld2D,Dilution,50,2004,3,TG-GridWorld2D-S50-C1-D0-cs8-ds8-sep2-shpSq-ctr-bl-j3-open-slip0-seed2004,190,61,2473,1 0 0,2 1 0
train,Dilution-50,TopoGym/Dilution-50-v0,GridWorld2D,Dilution,50,2005,3,TG-GridWorld2D-S50-C1-D0-cs8-ds8-sep2-shpSq-ctr-bl-j3-open-slip0-seed2005,190,62,2473,1 0 0,2 1 0
train,DontFall,TopoGym/DontFall-v0,Texture,DontFall,61,2000,0,TG-Texture-DontFall-seed2000,73,20,3541,1 0 0,13 12 0
train,DontFall,TopoGym/DontFall-v0,Texture,DontFall,61,2001,0,TG-Texture-DontFall-seed2001,210,69,3541,1 0 0,13 12 0
train,DontFall,TopoGym/DontFall-v0,Texture,DontFall,61,2002,0,TG-Texture-DontFall-seed2002,170,55,3541,1 0 0,13 12 0
train,DontFall,TopoGym/DontFall-v0,Texture,DontFall,61,2003,0,TG-Texture-DontFall-seed2003,230,75,3541,1 0 0,13 12 0
train,DontFall,TopoGym/DontFall-v0,Texture,DontFall,61,2004,0,TG-Texture-DontFall-seed2004,240,80,3541,1 0 0,13 12 0
train,DontFall,TopoGym/DontFall-v0,Texture,DontFall,61,2005,0,TG-Texture-DontFall-seed2005,140,44,3541,1 0 0,13 12 0
train,EnvironmentalIceShip,TopoGym/EnvironmentalIceShip-v0,Texture,EnvironmentalIceShip,50,2000,0,TG-Texture-EnvironmentalIceShip-seed2000,170,55,1351,3 4 0,6 4 0
train,EnvironmentalIceShip,TopoGym/EnvironmentalIceShip-v0,Texture,EnvironmentalIceShip,50,2001,0,TG-Texture-EnvironmentalIceShip-seed2001,180,60,1311,3 4 0,6 4 0
train,EnvironmentalIceShip,TopoGym/EnvironmentalIceShip-v0,Texture,EnvironmentalIceShip,50,2002,0,TG-Texture-EnvironmentalIceShip-seed2002,160,53,1316,3 4 0,6 4 0
train,EnvironmentalIceShip,TopoGym/EnvironmentalIceShip-v0,Texture,EnvironmentalIceShip,50,2003,0,TG-Texture-EnvironmentalIceShip-seed2003,150,47,1308,3 4 0,6 4 0
train,EnvironmentalIceShip,TopoGym/EnvironmentalIceShip-v0,Texture,EnvironmentalIceShip,50,2004,0,TG-Texture-EnvironmentalIceShip-seed2004,160,53,1273,3 4 0,6 4 0
train,EnvironmentalIceShip,TopoGym/EnvironmentalIceShip-v0,Texture,EnvironmentalIceShip,50,2005,0,TG-Texture-EnvironmentalIceShip-seed2005,210,68,1306,3 4 0,6 4 0
train,GiveUp1-100,TopoGym/GiveUp1-50-v0,GridWorld2D,GiveUp,100,2000,6,TG-GridWorld2D-S100-C1-D0-cs8-ds8-sep2-shpSq-cor1-ctr-bl-j6-open-slip0-seed2000,310,103,9971,1 0 0,2 1 0
train,GiveUp1-100,TopoGym/GiveUp1-50-v0,GridWorld2D,GiveUp,100,2001,6,TG-GridWorld2D-S100-C1-D0-cs8-ds8-sep2-shpSq-cor1-ctr-bl-j6-open-slip0-seed2001,360,118,9971,1 0 0,2 1 0
train,GiveUp1-100,TopoGym/GiveUp1-50-v0,GridWorld2D,GiveUp,100,2002,6,TG-GridWorld2D-S100-C1-D0-cs8-ds8-sep2-shpSq-cor1-ctr-bl-j6-open-slip0-seed2002,330,107,9971,1 0 0,2 1 0
train,GiveUp1-100,TopoGym/GiveUp1-50-v0,GridWorld2D,GiveUp,100,2003,6,TG-GridWorld2D-S100-C1-D0-cs8-ds8-sep2-shpSq-cor1-ctr-bl-j6-open-slip0-seed2003,330,109,9971,1 0 0,2 1 0
train,GiveUp1-100,TopoGym/GiveUp1-50-v0,GridWorld2D,GiveUp,100,2004,6,TG-GridWorld2D-S100-C1-D0-cs8-ds8-sep2-shpSq-cor1-ctr-bl-j6-open-slip0-seed2004,350,114,9971,1 0 0,2 1 0
train,GiveUp1-100,TopoGym/GiveUp1-50-v0,GridWorld2D,GiveUp,100,2005,6,TG-GridWorld2D-S100-C1-D0-cs8-ds8-sep2-shpSq-cor1-ctr-bl-j6-open-slip0-seed2005,350,114,9971,1 0 0,2 1 0
train,GiveUp1-50,TopoGym/GiveUp1-50-v0,GridWorld2D,GiveUp,50,2000,3,TG-GridWorld2D-S50-C1-D0-cs8-ds8-sep2-shpSq-cor1-ctr-bl-j3-open-slip0-seed2000,170,56,2471,1 0 0,2 1 0
train,GiveUp1-50,TopoGym/GiveUp1-50-v0,GridWorld2D,GiveUp,50,2001,3,TG-GridWorld2D-S50-C1-D0-cs8-ds8-sep2-shpSq-cor1-ctr-bl-j3-open-slip0-seed2001,210,68,2471,1 0 0,2 1 0
train,GiveUp1-50,TopoGym/GiveUp1-50-v0,GridWorld2D,GiveUp,50,2002,3,TG-GridWorld2D-S50-C1-D0-cs8-ds8-sep2-shpSq-cor1-ctr-bl-j3-open-slip0-seed2002,190,63,2471,1 0 0,2 1 0
train,GiveUp1-50,TopoGym/GiveUp1-50-v0,GridWorld2D,GiveUp,50,2003,3,TG-GridWorld2D-S50-C1-D0-cs8-ds8-sep2-shpSq-cor1-ctr-bl-j3-open-slip0-seed2003,180,58,2471,1 0 0,2 1 0
train,GiveUp1-50,TopoGym/GiveUp1-50-v0,GridWorld2D,GiveUp,50,2004,3,TG-GridWorld2D-S50-C1-D0-cs8-ds8-sep2-shpSq-cor1-ctr-bl-j3-open-slip0-seed2004,190,62,2471,1 0 0,2 1 0
train,GiveUp1-50,TopoGym/GiveUp1-50-v0,GridWorld2D,GiveUp,50,2005,3,TG-GridWorld2D-S50-C1-D0-cs8-ds8-sep2-shpSq-cor1-ctr-bl-j3-open-slip0-seed2005,190,63,2471,1 0 0,2 1 0
train,GiveUp2-100,TopoGym/GiveUp2-50-v0,GridWorld2D,GiveUp,100,2000,6,TG-GridWorld2D-S100-C1-D0-cs8-ds8-sep2-shpSq-cor2-ctr-bl-j6-open-slip0-seed2000,310,103,9969,1 0 0,2 1 0
train,GiveUp2-100,TopoGym/GiveUp2-50-v0,GridWorld2D,GiveUp,100,2001,6,TG-GridWorld2D-S100-C1-D0-cs8-ds8-sep2-shpSq-cor2-ctr-bl-j6-open-slip0-seed2001,360,119,9969,1 0 0,2 1 0
train,GiveUp2-100,TopoGym/GiveUp2-50-v0,GridWorld2D,GiveUp,100,2002,6,TG-GridWorld2D-S100-C1-D0-cs8-ds8-sep2-shpSq-cor2-ctr-bl-j6-open-slip0-seed2002,330,109,9969,1 0 0,2 1 0
train,GiveUp2-100,TopoGym/GiveUp2-50-v0,GridWorld2D,GiveUp,100,2003,6,TG-GridWorld2D-S100-C1-D0-cs8-ds8-sep2-shpSq-cor2-ctr-bl-j6-open-slip0-seed2003,330,109,9969,1 0 0,2 1 0
train,GiveUp2-100,TopoGym/GiveUp2-50-v0,GridWorld2D,GiveUp,100,2004,6,TG-GridWorld2D-S100-C1-D0-cs8-ds8-sep2-shpSq-cor2-ctr-bl-j6-open-slip0-seed2004,350,114,9969,1 0 0,2 1 0
train,GiveUp2-100,TopoGym/GiveUp2-50-v0,GridWorld2D,GiveUp,100,2005,6,TG-GridWorld2D-S100-C1-D0-cs8-ds8-sep2-shpSq-cor2-ctr-bl-j6-open-slip0-seed2005,350,114,9969,1 0 0,2 1 0
train,GiveUp2-50,TopoGym/GiveUp2-50-v0,GridWorld2D,GiveUp,50,2000,3,TG-GridWorld2D-S50-C1-D0-cs8-ds8-sep2-shpSq-cor2-ctr-bl-j3-open-slip0-seed2000,170,56,2469,1 0 0,2 1 0
train,GiveUp2-50,TopoGym/GiveUp2-50-v0,GridWorld2D,GiveUp,50,2001,3,TG-GridWorld2D-S50-C1-D0-cs8-ds8-sep2-shpSq-cor2-ctr-bl-j3-open-slip0-seed2001,210,69,2469,1 0 0,2 1 0
train,GiveUp2-50,TopoGym/GiveUp2-50-v0,GridWorld2D,GiveUp,50,2002,3,TG-GridWorld2D-S50-C1-D0-cs8-ds8-sep2-shpSq-cor2-ctr-bl-j3-open-slip0-seed2002,200,65,2469,1 0 0,2 1 0
train,GiveUp2-50,TopoGym/GiveUp2-50-v0,GridWorld2D,GiveUp,50,2003,3,TG-GridWorld2D-S50-C1-D0-cs8-ds8-sep2-shpSq-cor2-ctr-bl-j3-open-slip0-seed2003,180,58,2469,1 0 0,2 1 0
train,GiveUp2-50,TopoGym/GiveUp2-50-v0,GridWorld2D,GiveUp,50,2004,3,TG-GridWorld2D-S50-C1-D0-cs8-ds8-sep2-shpSq-cor2-ctr-bl-j3-open-slip0-seed2004,190,62,2469,1 0 0,2 1 0
train,GiveUp2-50,TopoGym/GiveUp2-50-v0,GridWorld2D,GiveUp,50,2005,3,TG-GridWorld2D-S50-C1-D0-cs8-ds8-sep2-shpSq-cor2-ctr-bl-j3-open-slip0-seed2005,190,63,2469,1 0 0,2 1 0
train,GiveUp4-100,TopoGym/GiveUp4-50-v0,GridWorld2D,GiveUp,100,2000,6,TG-GridWorld2D-S100-C1-D0-cs8-ds8-sep2-shpSq-cor4-ctr-bl-j6-open-slip0-seed2000,320,104,9965,1 0 0,2 1 0
train,GiveUp4-100,TopoGym/GiveUp4-50-v0,GridWorld2D,GiveUp,100,2001,6,TG-GridWorld2D-S100-C1-D0-cs8-ds8-sep2-shpSq-cor4-ctr-bl-j6-open-slip0-seed2001,370,122,9965,1 0 0,2 1 0
train,GiveUp4-100,TopoGym/GiveUp4-50-v0,GridWorld2D,GiveUp,100,2002,6,TG-GridWorld2D-S100-C1-D0-cs8-ds8-sep2-shpSq-cor4-ctr-bl-j6-open-slip0-seed2002,340,112,9965,1 0 0,2 1 0
train,GiveUp4-100,TopoGym/GiveUp4-50-v0,GridWorld2D,GiveUp,100,2003,6,TG-GridWorld2D-S100-C1-D0-cs8-ds8-sep2-shpSq-cor4-ctr-bl-j6-open-slip0-seed2003,330,110,9965,1 0 0,2 1 0
train,GiveUp4-100,TopoGym/GiveUp4-50-v0,GridWorld2D,GiveUp,100,2004,6,TG-GridWorld2D-S100-C1-D0-cs8-ds8-sep2-shpSq-cor4-ctr-bl-j6-open-slip0-seed2004,350,115,9965,1 0 0,2 1 0
train,GiveUp4-100,TopoGym/GiveUp4-50-v0,GridWorld2D,GiveUp,100,2005,6,TG-GridWorld2D-S100-C1-D0-cs8-ds8-sep2-shpSq-cor4-ctr-bl-j6-open-slip0-seed2005,350,115,9965,1 0 0,2 1 0
train,GiveUp4-50,TopoGym/GiveUp4-50-v0,GridWorld2D,GiveUp,50,2000,3,TG-GridWorld2D-S50-C1-D0-cs8-ds8-sep2-shpSq-cor4-ctr-bl-j3-open-slip0-seed2000,180,57,2465,1 0 0,2 1 0
train,GiveUp4-50,TopoGym/GiveUp4-50-v0,GridWorld2D,GiveUp,50,2001,3,TG-GridWorld2D-S50-C1-D0-cs8-ds8-sep2-shpSq-cor4-ctr-bl-j3-open-slip0-seed2001,220,72,2465,1 0 0,2 1 0
train,GiveUp4-50,TopoGym/GiveUp4-50-v0,GridWorld2D,GiveUp,50,2002,3,TG-GridWorld2D-S50-C1-D0-cs8-ds8-sep2-shpSq-cor4-ctr-bl-j3-open-slip0-seed2002,210,68,2465,1 0 0,2 1 0
train,GiveUp4-50,TopoGym/GiveUp4-50-v0,GridWorld2D,GiveUp,50,2003,3,TG-GridWorld2D-S50-C1-D0-cs8-ds8-sep2-shpSq-cor4-ctr-bl-j3-open-slip0-seed2003,180,59,2465,1 0 0,2 1 0
train,GiveUp4-50,TopoGym/GiveUp4-50-v0,GridWorld2D,GiveUp,50,2004,3,TG-GridWorld2D-S50-C1-D0-cs8-ds8-sep2-shpSq-cor4-ctr-bl-j3-open-slip0-seed2004,190,63,2465,1 0 0,2 1 0
train,GiveUp4-50,TopoGym/GiveUp4-50-v0,GridWorld2D,GiveUp,50,2005,3,TG-GridWorld2D-S50-C1-D0-cs8-ds8-sep2-shpSq-cor4-ctr-bl-j3-open-slip0-seed2005,200,64,2465,1 0 0,2 1 0
train,IceShip,TopoGym/IceShip-v0,Texture,IceShip,50,2000,0,TG-Texture-IceShip-seed2000,150,47,1351,3 4 0,6 4 0
train,IceShip,TopoGym/IceShip-v0,Texture,IceShip,50,2001,0,TG-Texture-IceShip-seed2001,180,58,1311,3 4 0,6 4 0
train,IceShip,TopoGym/IceShip-v0,Texture,IceShip,50,2002,0,TG-Texture-IceShip-seed2002,150,49,1316,3 4 0,6 4 0
train,IceShip,TopoGym/IceShip-v0,Texture,IceShip,50,2003,0,TG-Texture-IceShip-seed2003,130,43,1308,3 4 0,6 4 0
train,IceShip,TopoGym/IceShip-v0,Texture,IceShip,50,2004,0,TG-Texture-IceShip-seed2004,160,53,1273,3 4 0,6 4 0
train,IceShip,TopoGym/IceShip-v0,Texture,IceShip,50,2005,0,TG-Texture-IceShip-seed2005,190,62,1306,3 4 0,6 4 0
train,Ladders,TopoGym/Ladders-v0,Texture,Ladders,50,2000,0,TG-Texture-Ladders-seed2000,310,103,996,1 0 0,1 0 0
train,Ladders,TopoGym/Ladders-v0,Texture,Ladders,50,2001,0,TG-Texture-Ladders-seed2001,290,94,996,1 0 0,1 0 0
train,Ladders,TopoGym/Ladders-v0,Texture,Ladders,50,2002,0,TG-Texture-Ladders-seed2002,300,98,996,1 0 0,1 0 0
train,Ladders,TopoGym/Ladders-v0,Texture,Ladders,50,2003,0,TG-Texture-Ladders-seed2003,320,105,996,1 0 0,1 0 0
train,Ladders,TopoGym/Ladders-v0,Texture,Ladders,50,2004,0,TG-Texture-Ladders-seed2004,320,104,996,1 0 0,1 0 0
train,Ladders,TopoGym/Ladders-v0,Texture,Ladders,50,2005,0,TG-Texture-Ladders-seed2005,290,95,996,1 0 0,1 0 0
train,Maze-100,TopoGym/Maze-100-v0,GridWorld2D,Maze,100,2000,6,TG-GridWorld2D-S100-C0-D0-cs8-ds8-sep2-shpSq-j6-maze-slip0-seed2000,6260,2085,4801,1 0 0,1 0 0
train,Maze-100,TopoGym/Maze-100-v0,GridWorld2D,Maze,100,2001,6,TG-GridWorld2D-S100-C0-D0-cs8-ds8-sep2-shpSq-j6-maze-slip0-seed2001,7630,2543,4801,1 0 0,1 0 0
train,Maze-100,TopoGym/Maze-100-v0,GridWorld2D,Maze,100,2002,6,TG-GridWorld2D-S100-C0-D0-cs8-ds8-sep2-shpSq-j6-maze-slip0-seed2002,7170,2389,4801,1 0 0,1 0 0
train,Maze-100,TopoGym/Maze-100-v0,GridWorld2D,Maze,100,2003,6,TG-GridWorld2D-S100-C0-D0-cs8-ds8-sep2-shpSq-j6-maze-slip0-seed2003,4310,1434,4801,1 0 0,1 0 0
train,Maze-100,TopoGym/Maze-100-v0,GridWorld2D,Maze,100,2004,6,TG-GridWorld2D-S100-C0-D0-cs8-ds8-sep2-shpSq-j6-maze-slip0-seed2004,5750,1916,4801,1 0 0,1 0 0
train,Maze-100,TopoGym/Maze-100-v0,GridWorld2D,Maze,100,2005,6,TG-GridWorld2D-S100-C0-D0-cs8-ds8-sep2-shpSq-j6-maze-slip0-seed2005,7680,2557,4801,1 0 0,1 0 0
train,Maze-50,TopoGym/Maze-50-v0,GridWorld2D,Maze,50,2000,3,TG-GridWorld2D-S50-C0-D0-cs8-ds8-sep2-shpSq-j3-maze-slip0-seed2000,2070,688,1151,1 0 0,1 0 0
train,Maze-50,TopoGym/Maze-50-v0,GridWorld2D,Maze,50,2001,3,TG-GridWorld2D-S50-C0-D0-cs8-ds8-sep2-shpSq-j3-maze-slip0-seed2001,2420,805,1151,1 0 0,1 0 0
train,Maze-50,TopoGym/Maze-50-v0,GridWorld2D,Maze,50,2002,3,TG-GridWorld2D-S50-C0-D0-cs8-ds8-sep2-shpSq-j3-maze-slip0-seed2002,1890,628,1151,1 0 0,1 0 0
train,Maze-50,TopoGym/Maze-50-v0,GridWorld2D,Maze,50,2003,3,TG-GridWorld2D-S50-C0-D0-cs8-ds8-sep2-shpSq-j3-maze-slip0-seed2003,1410,469,1151,1 0 0,1 0 0
train,Maze-50,TopoGym/Maze-50-v0,GridWorld2D,Maze,50,2004,3,TG-GridWorld2D-S50-C0-D0-cs8-ds8-sep2-shpSq-j3-maze-slip0-seed2004,1840,611,1151,1 0 0,1 0 0
train,Maze-50,TopoGym/Maze-50-v0,GridWorld2D,Maze,50,2005,3,TG-GridWorld2D-S50-C0-D0-cs8-ds8-sep2-shpSq-j3-maze-slip0-seed2005,2240,744,1151,1 0 0,1 0 0
train,Nested1-100,TopoGym/Nested1-50-v0,GridWorld2D,Nested,100,2000,6,TG-GridWorld2D-S100-C1-D0-cs8-ds8-sep2-shpSq-nd1-j6-nested-slip0-seed2000,210,68,9914,1 0 0,3 2 0
train,Nested1-100,TopoGym/Nested1-50-v0,GridWorld2D,Nested,100,2001,6,TG-GridWorld2D-S100-C1-D0-cs8-ds8-sep2-shpSq-nd1-j6-nested-slip0-seed2001,170,54,9914,1 0 0,3 2 0
train,Nested1-100,TopoGym/Nested1-50-v0,GridWorld2D,Nested,100,2002,6,TG-GridWorld2D-S100-C1-D0-cs8-ds8-sep2-shpSq-nd1-j6-nested-slip0-seed2002,290,95,9914,1 0 0,3 2 0
train,Nested1-100,TopoGym/Nested1-50-v0,GridWorld2D,Nested,100,2003,6,TG-GridWorld2D-S100-C1-D0-cs8-ds8-sep2-shpSq-nd1-j6-nested-slip0-seed2003,330,107,9914,1 0 0,3 2 0
train,Nested1-100,TopoGym/Nested1-50-v0,GridWorld2D,Nested,100,2004,6,TG-GridWorld2D-S100-C1-D0-cs8-ds8-sep2-shpSq-nd1-j6-nested-slip0-seed2004,160,53,9914,1 0 0,3 2 0
train,Nested1-100,TopoGym/Nested1-50-v0,GridWorld2D,Nested,100,2005,6,TG-GridWorld2D-S100-C1-D0-cs8-ds8-sep2-shpSq-nd1-j6-nested-slip0-seed2005,360,117,9914,1 0 0,3 2 0
train,Nested1-50,TopoGym/Nested1-50-v0,GridWorld2D,Nested,50,2000,3,TG-GridWorld2D-S50-C1-D0-cs8-ds8-sep2-shpSq-nd1-j3-nested-slip0-seed2000,190,62,2414,1 0 0,3 2 0
train,Nested1-50,TopoGym/Nested1-50-v0,GridWorld2D,Nested,50,2001,3,TG-GridWorld2D-S50-C1-D0-cs8-ds8-sep2-shpSq-nd1-j3-nested-slip0-seed2001,140,44,2414,1 0 0,3 2 0
train,Nested1-50,TopoGym/Nested1-50-v0,GridWorld2D,Nested,50,2002,3,TG-GridWorld2D-S50-C1-D0-cs8-ds8-sep2-shpSq-nd1-j3-nested-slip0-seed2002,210,68,2414,1 0 0,3 2 0
train,Nested1-50,TopoGym/Nested1-50-v0,GridWorld2D,Nested,50,2003,3,TG-GridWorld2D-S50-C1-D0-cs8-ds8-sep2-shpSq-nd1-j3-nested-slip0-seed2003,160,51,2414,1 0 0,3 2 0
train,Nested1-50,TopoGym/Nested1-50-v0,GridWorld2D,Nested,50,2004,3,TG-GridWorld2D-S50-C1-D0-cs8-ds8-sep2-shpSq-nd1-j3-nested-slip0-seed2004,180,59,2414,1 0 0,3 2 0
train,Nested1-50,TopoGym/Nested1-50-v0,GridWorld2D,Nested,50,2005,3,TG-GridWorld2D-S50-C1-D0-cs8-ds8-sep2-shpSq-nd1-j3-nested-slip0-seed2005,140,46,2414,1 0 0,3 2 0
train,Nested2-100,TopoGym/Nested2-50-v0,GridWorld2D,Nested,100,2000,6,TG-GridWorld2D-S100-C1-D0-cs8-ds8-sep2-shpSq-nd2-j6-nested-slip0-seed2000,310,102,9835,1 0 0,4 3 0
train,Nested2-100,TopoGym/Nested2-50-v0,GridWorld2D,Nested,100,2001,6,TG-GridWorld2D-S100-C1-D0-cs8-ds8-sep2-shpSq-nd2-j6-nested-slip0-seed2001,390,127,9835,1 0 0,4 3 0
train,Nested2-100,TopoGym/Nested2-50-v0,GridWorld2D,Nested,100,2002,6,TG-GridWorld2D-S100-C1-D0-cs8-ds8-sep2-shpSq-nd2-j6-nested-slip0-seed2002,330,108,9835,1 0 0,4 3 0
train,Nested2-100,TopoGym/Nested2-50-v0,GridWorld2D,Nested,100,2003,6,TG-GridWorld2D-S100-C1-D0-cs8-ds8-sep2-shpSq-nd2-j6-nested-slip0-seed2003,250,82,9835,1 0 0,4 3 0
train,Nested2-100,TopoGym/Nested2-50-v0,GridWorld2D,Nested,100,2004,6,TG-GridWorld2D-S100-C1-D0-cs8-ds8-sep2-shpSq-nd2-j6-nested-slip0-seed2004,350,114,9835,1 0 0,4 3 0
train,Nested2-100,TopoGym/Nested2-50-v0,GridWorld2D,Nested,100,2005,6,TG-GridWorld2D-S100-C1-D0-cs8-ds8-sep2-shpSq-nd2-j6-nested-slip0-seed2005,230,75,9835,1 0 0,4 3 0
train,Nested2-50,TopoGym/Nested2-50-v0,GridWorld2D,Nested,50,2000,3,TG-GridWorld2D-S50-C1-D0-cs8-ds8-sep2-shpSq-nd2-j3-nested-slip0-seed2000,250,81,2335,1 0 0,4 3 0
train,Nested2-50,TopoGym/Nested2-50-v0,GridWorld2D,Nested,50,2001,3,TG-GridWorld2D-S50-C1-D0-cs8-ds8-sep2-shpSq-nd2-j3-nested-slip0-seed2001,270,88,2335,1 0 0,4 3 0
train,Nested2-50,TopoGym/Nested2-50-v0,GridWorld2D,Nested,50,2002,3,TG-GridWorld2D-S50-C1-D0-cs8-ds8-sep2-shpSq-nd2-j3-nested-slip0-seed2002,310,101,2335,1 0 0,4 3 0
train,Nested2-50,TopoGym/Nested2-50-v0,GridWorld2D,Nested,50,2003,3,TG-GridWorld2D-S50-C1-D0-cs8-ds8-sep2-shpSq-nd2-j3-nested-slip0-seed2003,340,111,2335,1 0 0,4 3 0
train,Nested2-50,TopoGym/Nested2-50-v0,GridWorld2D,Nested,50,2004,3,TG-GridWorld2D-S50-C1-D0-cs8-ds8-sep2-shpSq-nd2-j3-nested-slip0-seed2004,260,84,2335,1 0 0,4 3 0
train,Nested2-50,TopoGym/Nested2-50-v0,GridWorld2D,Nested,50,2005,3,TG-GridWorld2D-S50-C1-D0-cs8-ds8-sep2-shpSq-nd2-j3-nested-slip0-seed2005,300,100,2335,1 0 0,4 3 0
train,Nested3-100,TopoGym/Nested3-50-v0,GridWorld2D,Nested,100,2000,6,TG-GridWorld2D-S100-C1-D0-cs8-ds8-sep2-shpSq-nd3-j6-nested-slip0-seed2000,410,136,9732,1 0 0,5 4 0
train,Nested3-100,TopoGym/Nested3-50-v0,GridWorld2D,Nested,100,2001,6,TG-GridWorld2D-S100-C1-D0-cs8-ds8-sep2-shpSq-nd3-j6-nested-slip0-seed2001,330,107,9732,1 0 0,5 4 0
train,Nested3-100,TopoGym/Nested3-50-v0,GridWorld2D,Nested,100,2002,6,TG-GridWorld2D-S100-C1-D0-cs8-ds8-sep2-shpSq-nd3-j6-nested-slip0-seed2002,350,114,9732,1 0 0,5 4 0
train,Nested3-100,TopoGym/Nested3-50-v0,GridWorld2D,Nested,100,2003,6,TG-GridWorld2D-S100-C1-D0-cs8-ds8-sep2-shpSq-nd3-j6-nested-slip0-seed2003,380,124,9732,1 0 0,5 4 0
train,Nested3-100,TopoGym/Nested3-50-v0,GridWorld2D,Nested,100,2004,6,TG-GridWorld2D-S100-C1-D0-cs8-ds8-sep2-shpSq-nd3-j6-nested-slip0-seed2004,310,103,9732,1 0 0,5 4 0
train,Nested3-100,TopoGym/Nested3-50-v0,GridWorld2D,Nested,100,2005,6,TG-GridWorld2D-S100-C1-D0-cs8-ds8-sep2-shpSq-nd3-j6-nested-slip0-seed2005,450,148,9732,1 0 0,5 4 0
train,Nested3-50,TopoGym/Nested3-50-v0,GridWorld2D,Nested,50,2000,3,TG-GridWorld2D-S50-C1-D0-cs8-ds8-sep2-shpSq-nd3-j3-nested-slip0-seed2000,370,121,2232,1 0 0,5 4 0
train,Nested3-50,TopoGym/Nested3-50-v0,GridWorld2D,Nested,50,2001,3,TG-GridWorld2D-S50-C1-D0-cs8-ds8-sep2-shpSq-nd3-j3-nested-slip0-seed2001,300,100,2232,1 0 0,5 4 0
train,Nested3-50,TopoGym/Nested3-50-v0,GridWorld2D,Nested,50,2002,3,TG-GridWorld2D-S50-C1-D0-cs8-ds8-sep2-shpSq-nd3-j3-nested-slip0-seed2002,480,158,2232,1 0 0,5 4 0
train,Nested3-50,TopoGym/Nested3-50-v0,GridWorld2D,Nested,50,2003,3,TG-GridWorld2D-S50-C1-D0-cs8-ds8-sep2-shpSq-nd3-j3-nested-slip0-seed2003,340,112,2232,1 0 0,5 4 0
train,Nested3-50,TopoGym/Nested3-50-v0,GridWorld2D,Nested,50,2004,3,TG-GridWorld2D-S50-C1-D0-cs8-ds8-sep2-shpSq-nd3-j3-nested-slip0-seed2004,350,115,2232,1 0 0,5 4 0
train,Nested3-50,TopoGym/Nested3-50-v0,GridWorld2D,Nested,50,2005,3,TG-GridWorld2D-S50-C1-D0-cs8-ds8-sep2-shpSq-nd3-j3-nested-slip0-seed2005,380,126,2232,1 0 0,5 4 0
train,SearchRescue,TopoGym/SearchRescue-v0,Texture,SearchRescue,61,2000,0,TG-Texture-SearchRescue-seed2000,280,92,2663,1 160 0,2 161 0
train,SearchRescue,TopoGym/SearchRescue-v0,Texture,SearchRescue,61,2001,0,TG-Texture-SearchRescue-seed2001,250,82,2673,1 160 0,2 161 0
train,SearchRescue,TopoGym/SearchRescue-v0,Texture,SearchRescue,61,2002,0,TG-Texture-SearchRescue-seed2002,220,71,2673,1 160 0,2 161 0
train,SearchRescue,TopoGym/SearchRescue-v0,Texture,SearchRescue,61,2003,0,TG-Texture-SearchRescue-seed2003,260,85,2655,1 160 0,2 161 0
train,SearchRescue,TopoGym/SearchRescue-v0,Texture,SearchRescue,61,2004,0,TG-Texture-SearchRescue-seed2004,210,68,2631,1 160 0,2 161 0
train,SearchRescue,TopoGym/SearchRescue-v0,Texture,SearchRescue,61,2005,0,TG-Texture-SearchRescue-seed2005,270,90,2669,1 160 0,2 161 0
train,ShapeCi-100,TopoGym/ShapeCi-50-v0,GridWorld2D,ShapeCi,100,2000,6,TG-GridWorld2D-S100-C1-D0-cs8-ds8-sep2-shpCi-ctr-bl-j6-open-slip0-seed2000,300,100,9969,1 0 0,2 1 0
train,ShapeCi-100,TopoGym/ShapeCi-50-v0,GridWorld2D,ShapeCi,100,2001,6,TG-GridWorld2D-S100-C1-D0-cs8-ds8-sep2-shpCi-ctr-bl-j6-open-slip0-seed2001,350,116,9969,1 0 0,2 1 0
train,ShapeCi-100,TopoGym/ShapeCi-50-v0,GridWorld2D,ShapeCi,100,2002,6,TG-GridWorld2D-S100-C1-D0-cs8-ds8-sep2-shpCi-ctr-bl-j6-open-slip0-seed2002,320,106,9969,1 0 0,2 1 0
train,ShapeCi-100,TopoGym/ShapeCi-50-v0,GridWorld2D,ShapeCi,100,2003,6,TG-GridWorld2D-S100-C1-D0-cs8-ds8-sep2-shpCi-ctr-bl-j6-open-slip0-seed2003,360,117,9969,1 0 0,2 1 0
train,ShapeCi-100,TopoGym/ShapeCi-50-v0,GridWorld2D,ShapeCi,100,2004,6,TG-GridWorld2D-S100-C1-D0-cs8-ds8-sep2-shpCi-ctr-bl-j6-open-slip0-seed2004,370,121,9969,1 0 0,2 1 0
train,ShapeCi-100,TopoGym/ShapeCi-50-v0,GridWorld2D,ShapeCi,100,2005,6,TG-GridWorld2D-S100-C1-D0-cs8-ds8-sep2-shpCi-ctr-bl-j6-open-slip0-seed2005,330,109,9969,1 0 0,2 1 0
train,ShapeCi-50,TopoGym/ShapeCi-50-v0,GridWorld2D,ShapeCi,50,2000,3,TG-GridWorld2D-S50-C1-D0-cs8-ds8-sep2-shpCi-ctr-bl-j3-open-slip0-seed2000,160,53,2469,1 0 0,2 1 0
train,ShapeCi-50,TopoGym/ShapeCi-50-v0,GridWorld2D,ShapeCi,50,2001,3,TG-GridWorld2D-S50-C1-D0-cs8-ds8-sep2-shpCi-ctr-bl-j3-open-slip0-seed2001,200,66,2469,1 0 0,2 1 0
train,ShapeCi-50,TopoGym/ShapeCi-50-v0,GridWorld2D,ShapeCi,50,2002,3,TG-GridWorld2D-S50-C1-D0-cs8-ds8-sep2-shpCi-ctr-bl-j3-open-slip0-seed2002,190,62,2469,1 0 0,2 1 0
train,ShapeCi-50,TopoGym/ShapeCi-50-v0,GridWorld2D,ShapeCi,50,2003,3,TG-GridWorld2D-S50-C1-D0-cs8-ds8-sep2-shpCi-ctr-bl-j3-open-slip0-seed2003,200,66,2469,1 0 0,2 1 0
train,ShapeCi-50,TopoGym/ShapeCi-50-v0,GridWorld2D,ShapeCi,50,2004,3,TG-GridWorld2D-S50-C1-D0-cs8-ds8-sep2-shpCi-ctr-bl-j3-open-slip0-seed2004,210,69,2469,1 0 0,2 1 0
train,ShapeCi-50,TopoGym/ShapeCi-50-v0,GridWorld2D,ShapeCi,50,2005,3,TG-GridWorld2D-S50-C1-D0-cs8-ds8-sep2-shpCi-ctr-bl-j3-open-slip0-seed2005,180,58,2469,1 0 0,2 1 0
train,ShapeSq-100,TopoGym/ShapeSq-50-v0,GridWorld2D,ShapeSq,100,2000,6,TG-GridWorld2D-S100-C1-D0-cs8-ds8-sep2-shpSq-ctr-bl-j6-open-slip0-seed2000,310,102,9973,1 0 0,2 1 0
train,ShapeSq-100,TopoGym/ShapeSq-50-v0,GridWorld2D,ShapeSq,100,2001,6,TG-GridWorld2D-S100-C1-D0-cs8-ds8-sep2-shpSq-ctr-bl-j6-open-slip0-seed2001,350,116,9973,1 0 0,2 1 0
train,ShapeSq-100,TopoGym/ShapeSq-50-v0,GridWorld2D,ShapeSq,100,2002,6,TG-GridWorld2D-S100-C1-D0-cs8-ds8-sep2-shpSq-ctr-bl-j6-open-slip0-seed2002,320,106,9973,1 0 0,2 1 0
train,ShapeSq-100,TopoGym/ShapeSq-50-v0,GridWorld2D,ShapeSq,100,2003,6,TG-GridWorld2D-S100-C1-D0-cs8-ds8-sep2-shpSq-ctr-bl-j6-open-slip0-seed2003,330,108,9973,1 0 0,2 1 0
train,ShapeSq-100,TopoGym/ShapeSq-50-v0,GridWorld2D,ShapeSq,100,2004,6,TG-GridWorld2D-S100-C1-D0-cs8-ds8-sep2-shpSq-ctr-bl-j6-open-slip0-seed2004,340,113,9973,1 0 0,2 1 0
train,ShapeSq-100,TopoGym/ShapeSq-50-v0,GridWorld2D,ShapeSq,100,2005,6,TG-GridWorld2D-S100-C1-D0-cs8-ds8-sep2-shpSq-ctr-bl-j6-open-slip0-seed2005,340,113,9973,1 0 0,2 1 0
train,ShapeSt-100,TopoGym/ShapeSt-50-v0,GridWorld2D,ShapeSt,100,2000,6,TG-GridWorld2D-S100-C1-D0-cs8-ds8-sep2-shpSt-ctr-bl-j6-open-slip0-seed2000,370,121,9957,1 0 0,2 1 0
train,ShapeSt-100,TopoGym/ShapeSt-50-v0,GridWorld2D,ShapeSt,100,2001,6,TG-GridWorld2D-S100-C1-D0-cs8-ds8-sep2-shpSt-ctr-bl-j6-open-slip0-seed2001,320,106,9957,1 0 0,2 1 0
train,ShapeSt-100,TopoGym/ShapeSt-50-v0,GridWorld2D,ShapeSt,100,2002,6,TG-GridWorld2D-S100-C1-D0-cs8-ds8-sep2-shpSt-ctr-bl-j6-open-slip0-seed2002,350,116,9957,1 0 0,2 1 0
train,ShapeSt-100,TopoGym/ShapeSt-50-v0,GridWorld2D,ShapeSt,100,2003,6,TG-GridWorld2D-S100-C1-D0-cs8-ds8-sep2-shpSt-ctr-bl-j6-open-slip0-seed2003,350,114,9957,1 0 0,2 1 0
train,ShapeSt-100,TopoGym/ShapeSt-50-v0,GridWorld2D,ShapeSt,100,2004,6,TG-GridWorld2D-S100-C1-D0-cs8-ds8-sep2-shpSt-ctr-bl-j6-open-slip0-seed2004,390,130,9957,1 0 0,2 1 0
train,ShapeSt-100,TopoGym/ShapeSt-50-v0,GridWorld2D,ShapeSt,100,2005,6,TG-GridWorld2D-S100-C1-D0-cs8-ds8-sep2-shpSt-ctr-bl-j6-open-slip0-seed2005,350,115,9957,1 0 0,2 1 0
train,ShapeSt-50,TopoGym/ShapeSt-50-v0,GridWorld2D,ShapeSt,50,2000,3,TG-GridWorld2D-S50-C1-D0-cs8-ds8-sep2-shpSt-ctr-bl-j3-open-slip0-seed2000,230,74,2457,1 0 0,2 1 0
train,ShapeSt-50,TopoGym/ShapeSt-50-v0,GridWorld2D,ShapeSt,50,2001,3,TG-GridWorld2D-S50-C1-D0-cs8-ds8-sep2-shpSt-ctr-bl-j3-open-slip0-seed2001,170,56,2457,1 0 0,2 1 0
train,ShapeSt-50,TopoGym/ShapeSt-50-v0,GridWorld2D,ShapeSt,50,2002,3,TG-GridWorld2D-S50-C1-D0-cs8-ds8-sep2-shpSt-ctr-bl-j3-open-slip0-seed2002,220,72,2457,1 0 0,2 1 0
train,ShapeSt-50,TopoGym/ShapeSt-50-v0,GridWorld2D,ShapeSt,50,2003,3,TG-GridWorld2D-S50-C1-D0-cs8-ds8-sep2-shpSt-ctr-bl-j3-open-slip0-seed2003,190,63,2457,1 0 0,2 1 0
train,ShapeSt-50,TopoGym/ShapeSt-50-v0,GridWorld2D,ShapeSt,50,2004,3,TG-GridWorld2D-S50-C1-D0-cs8-ds8-sep2-shpSt-ctr-bl-j3-open-slip0-seed2004,240,78,2457,1 0 0,2 1 0
train,ShapeSt-50,TopoGym/ShapeSt-50-v0,GridWorld2D,ShapeSt,50,2005,3,TG-GridWorld2D-S50-C1-D0-cs8-ds8-sep2-shpSt-ctr-bl-j3-open-slip0-seed2005,200,64,2457,1 0 0,2 1 0
train,ShapeTr-100,TopoGym/ShapeTr-50-v0,GridWorld2D,ShapeTr,100,2000,6,TG-GridWorld2D-S100-C1-D0-cs8-ds8-sep2-shpTr-ctr-bl-j6-open-slip0-seed2000,330,110,9959,1 0 0,2 1 0
train,ShapeTr-100,TopoGym/ShapeTr-50-v0,GridWorld2D,ShapeTr,100,2001,6,TG-GridWorld2D-S100-C1-D0-cs8-ds8-sep2-shpTr-ctr-bl-j6-open-slip0-seed2001,330,109,9959,1 0 0,2 1 0
train,ShapeTr-100,TopoGym/ShapeTr-50-v0,GridWorld2D,ShapeTr,100,2002,6,TG-GridWorld2D-S100-C1-D0-cs8-ds8-sep2-shpTr-ctr-bl-j6-open-slip0-seed2002,350,115,9959,1 0 0,2 1 0
train,ShapeTr-100,TopoGym/ShapeTr-50-v0,GridWorld2D,ShapeTr,100,2003,6,TG-GridWorld2D-S100-C1-D0-cs8-ds8-sep2-shpTr-ctr-bl-j6-open-slip0-seed2003,330,110,9959,1 0 0,2 1 0
train,ShapeTr-100,TopoGym/ShapeTr-50-v0,GridWorld2D,ShapeTr,100,2004,6,TG-GridWorld2D-S100-C1-D0-cs8-ds8-sep2-shpTr-ctr-bl-j6-open-slip0-seed2004,370,121,9959,1 0 0,2 1 0
train,ShapeTr-100,TopoGym/ShapeTr-50-v0,GridWorld2D,ShapeTr,100,2005,6,TG-GridWorld2D-S100-C1-D0-cs8-ds8-sep2-shpTr-ctr-bl-j6-open-slip0-seed2005,370,121,9959,1 0 0,2 1 0
train,ShapeTr-50,TopoGym/ShapeTr-50-v0,GridWorld2D,ShapeTr,50,2000,3,TG-GridWorld2D-S50-C1-D0-cs8-ds8-sep2-shpTr-ctr-bl-j3-open-slip0-seed2000,190,63,2459,1 0 0,2 1 0
train,ShapeTr-50,TopoGym/ShapeTr-50-v0,GridWorld2D,ShapeTr,50,2001,3,TG-GridWorld2D-S50-C1-D0-cs8-ds8-sep2-shpTr-ctr-bl-j3-open-slip0-seed2001,180,59,2459,1 0 0,2 1 0
train,ShapeTr-50,TopoGym/ShapeTr-50-v0,GridWorld2D,ShapeTr,50,2002,3,TG-GridWorld2D-S50-C1-D0-cs8-ds8-sep2-shpTr-ctr-bl-j3-open-slip0-seed2002,220,71,2459,1 0 0,2 1 0
train,ShapeTr-50,TopoGym/ShapeTr-50-v0,GridWorld2D,ShapeTr,50,2003,3,TG-GridWorld2D-S50-C1-D0-cs8-ds8-sep2-shpTr-ctr-bl-j3-open-slip0-seed2003,180,59,2459,1 0 0,2 1 0
train,ShapeTr-50,TopoGym/ShapeTr-50-v0,GridWorld2D,ShapeTr,50,2004,3,TG-GridWorld2D-S50-C1-D0-cs8-ds8-sep2-shpTr-ctr-bl-j3-open-slip0-seed2004,210,69,2459,1 0 0,2 1 0
train,ShapeTr-50,TopoGym/ShapeTr-50-v0,GridWorld2D,ShapeTr,50,2005,3,TG-GridWorld2D-S50-C1-D0-cs8-ds8-sep2-shpTr-ctr-bl-j3-open-slip0-seed2005,210,70,2459,1 0 0,2 1 0
train,SpaceWarp,TopoGym/SpaceWarp-v0,Texture,SpaceWarp,50,2000,0,TG-Texture-SpaceWarp-seed2000,120,37,2391,2 1 0,5 4 0
train,SpaceWarp,TopoGym/SpaceWarp-v0,Texture,SpaceWarp,50,2001,0,TG-Texture-SpaceWarp-seed2001,130,43,2391,2 1 0,5 4 0
train,SpaceWarp,TopoGym/SpaceWarp-v0,Texture,SpaceWarp,50,2002,0,TG-Texture-SpaceWarp-seed2002,100,32,2391,2 1 0,5 4 0
train,SpaceWarp,TopoGym/SpaceWarp-v0,Texture,SpaceWarp,50,2003,0,TG-Texture-SpaceWarp-seed2003,130,43,2391,2 1 0,5 4 0
train,SpaceWarp,TopoGym/SpaceWarp-v0,Texture,SpaceWarp,50,2004,0,TG-Texture-SpaceWarp-seed2004,100,32,2391,2 1 0,5 4 0
train,SpaceWarp,TopoGym/SpaceWarp-v0,Texture,SpaceWarp,50,2005,0,TG-Texture-SpaceWarp-seed2005,140,44,2391,2 1 0,5 4 0
train,TopCylinder-50,TopoGym/TopCylinder-50-v0,Top,TopCylinder,50,2000,0,TG-Top-TopCylinder-seed2000,130,43,2392,1 1 0,5 5 0
train,TopCylinder-50,TopoGym/TopCylinder-50-v0,Top,TopCylinder,50,2001,0,TG-Top-TopCylinder-seed2001,150,50,2392,1 1 0,5 5 0
train,TopCylinder-50,TopoGym/TopCylinder-50-v0,Top,TopCylinder,50,2002,0,TG-Top-TopCylinder-seed2002,170,55,2392,1 1 0,5 5 0
train,TopCylinder-50,TopoGym/TopCylinder-50-v0,Top,TopCylinder,50,2003,0,TG-Top-TopCylinder-seed2003,160,53,2392,1 1 0,5 5 0
train,TopCylinder-50,TopoGym/TopCylinder-50-v0,Top,TopCylinder,50,2004,0,TG-Top-TopCylinder-seed2004,140,44,2392,1 1 0,5 5 0
train,TopCylinder-50,TopoGym/TopCylinder-50-v0,Top,TopCylinder,50,2005,0,TG-Top-TopCylinder-seed2005,130,43,2392,1 1 0,5 5 0
train,TopKlein-50,TopoGym/TopKlein-50-v0,Top,TopKlein,50,2000,0,TG-Top-TopKlein-seed2000,130,43,2392,1 2 1,5 5 0
train,TopKlein-50,TopoGym/TopKlein-50-v0,Top,TopKlein,50,2001,0,TG-Top-TopKlein-seed2001,150,50,2392,1 2 1,5 5 0
train,TopKlein-50,TopoGym/TopKlein-50-v0,Top,TopKlein,50,2002,0,TG-Top-TopKlein-seed2002,170,55,2392,1 2 1,5 5 0
train,TopKlein-50,TopoGym/TopKlein-50-v0,Top,TopKlein,50,2003,0,TG-Top-TopKlein-seed2003,160,53,2392,1 2 1,5 5 0
train,TopKlein-50,TopoGym/TopKlein-50-v0,Top,TopKlein,50,2004,0,TG-Top-TopKlein-seed2004,140,44,2392,1 2 1,5 5 0
train,TopKlein-50,TopoGym/TopKlein-50-v0,Top,TopKlein,50,2005,0,TG-Top-TopKlein-seed2005,130,43,2392,1 2 1,5 5 0
train,TopMobius-50,TopoGym/TopMobius-50-v0,Top,TopMobius,50,2000,0,TG-Top-TopMobius-seed2000,130,43,2392,1 1 0,5 5 0
train,TopMobius-50,TopoGym/TopMobius-50-v0,Top,TopMobius,50,2001,0,TG-Top-TopMobius-seed2001,150,50,2392,1 1 0,5 5 0
train,TopMobius-50,TopoGym/TopMobius-50-v0,Top,TopMobius,50,2002,0,TG-Top-TopMobius-seed2002,170,55,2392,1 1 0,5 5 0
train,TopMobius-50,TopoGym/TopMobius-50-v0,Top,TopMobius,50,2003,0,TG-Top-TopMobius-seed2003,160,53,2392,1 1 0,5 5 0
train,TopMobius-50,TopoGym/TopMobius-50-v0,Top,TopMobius,50,2004,0,TG-Top-TopMobius-seed2004,140,44,2392,1 1 0,5 5 0
train,TopMobius-50,TopoGym/TopMobius-50-v0,Top,TopMobius,50,2005,0,TG-Top-TopMobius-seed2005,130,43,2392,1 1 0,5 5 0
train,TopPlane-50,TopoGym/TopPlane-50-v0,Top,TopPlane,50,2000,0,TG-Top-TopPlane-seed2000,130,43,2392,1 0 0,5 4 0
train,TopPlane-50,TopoGym/TopPlane-50-v0,Top,TopPlane,50,2001,0,TG-Top-TopPlane-seed2001,150,50,2392,1 0 0,5 4 0
train,TopPlane-50,TopoGym/TopPlane-50-v0,Top,TopPlane,50,2002,0,TG-Top-TopPlane-seed2002,170,55,2392,1 0 0,5 4 0
train,TopPlane-50,TopoGym/TopPlane-50-v0,Top,TopPlane,50,2003,0,TG-Top-TopPlane-seed2003,160,53,2392,1 0 0,5 4 0
train,TopPlane-50,TopoGym/TopPlane-50-v0,Top,TopPlane,50,2004,0,TG-Top-TopPlane-seed2004,140,44,2392,1 0 0,5 4 0
train,TopPlane-50,TopoGym/TopPlane-50-v0,Top,TopPlane,50,2005,0,TG-Top-TopPlane-seed2005,130,43,2392,1 0 0,5 4 0
train,TopRP2-50,TopoGym/TopRP2-50-v0,Top,TopRP2,50,2000,0,TG-Top-TopRP2-seed2000,130,43,2392,1 1 1,5 4 0
train,TopRP2-50,TopoGym/TopRP2-50-v0,Top,TopRP2,50,2001,0,TG-Top-TopRP2-seed2001,150,50,2392,1 1 1,5 4 0
train,TopRP2-50,TopoGym/TopRP2-50-v0,Top,TopRP2,50,2002,0,TG-Top-TopRP2-seed2002,170,55,2392,1 1 1,5 4 0
train,TopRP2-50,TopoGym/TopRP2-50-v0,Top,TopRP2,50,2003,0,TG-Top-TopRP2-seed2003,160,53,2392,1 1 1,5 4 0
train,TopRP2-50,TopoGym/TopRP2-50-v0,Top,TopRP2,50,2004,0,TG-Top-TopRP2-seed2004,140,44,2392,1 1 1,5 4 0
train,TopRP2-50,TopoGym/TopRP2-50-v0,Top,TopRP2,50,2005,0,TG-Top-TopRP2-seed2005,130,43,2392,1 1 1,5 4 0
train,TopTorus-50,TopoGym/TopTorus-50-v0,Top,TopTorus,50,2000,0,TG-Top-TopTorus-seed2000,130,43,2392,1 2 1,5 5 0
train,TopTorus-50,TopoGym/TopTorus-50-v0,Top,TopTorus,50,2001,0,TG-Top-TopTorus-seed2001,150,50,2392,1 2 1,5 5 0
train,TopTorus-50,TopoGym/TopTorus-50-v0,Top,TopTorus,50,2002,0,TG-Top-TopTorus-seed2002,170,55,2392,1 2 1,5 5 0
train,TopTorus-50,TopoGym/TopTorus-50-v0,Top,TopTorus,50,2003,0,TG-Top-TopTorus-seed2003,160,53,2392,1 2 1,5 5 0
train,TopTorus-50,TopoGym/TopTorus-50-v0,Top,TopTorus,50,2004,0,TG-Top-TopTorus-seed2004,140,44,2392,1 2 1,5 5 0
train,TopTorus-50,TopoGym/TopTorus-50-v0,Top,TopTorus,50,2005,0,TG-Top-TopTorus-seed2005,130,43,2392,1 2 1,5 5 0
