split,unit,aliases,template_id,slice,family,size,seed,placement_jitter,canonical_config,horizon,optimal_actions,n_free_cells,betti_z2,betti_z2_sealed
tune,BankRobber,,TopoGym/BankRobber-v0,Texture,BankRobber,50,1000,0,TG-Texture-BankRobber-seed1000,370,123,2216,1 0 0,5 4 0
tune,BankRobber,,TopoGym/BankRobber-v0,Texture,BankRobber,50,1001,0,TG-Texture-BankRobber-seed1001,390,130,2216,1 0 0,5 4 0
tune,BankRobber,,TopoGym/BankRobber-v0,Texture,BankRobber,50,1002,0,TG-Texture-BankRobber-seed1002,310,103,2216,1 0 0,5 4 0
tune,Bottleneck3-100,,TopoGym/Bottleneck3-100-v0,GridWorld2D,Bottleneck,100,1000,6,TG-GridWorld2D-S100-C0-D0-cs24-ds8-sep2-shpSq-cl3-rm6-j6-corridor-slip0-seed1000,300,97,3471,1 0 0,1 0 0
tune,Bottleneck3-100,,TopoGym/Bottleneck3-100-v0,GridWorld2D,Bottleneck,100,1001,6,TG-GridWorld2D-S100-C0-D0-cs24-ds8-sep2-shpSq-cl3-rm6-j6-corridor-slip0-seed1001,620,206,3471,1 0 0,1 0 0
tune,Bottleneck3-100,,TopoGym/Bottleneck3-100-v0,GridWorld2D,Bottleneck,100,1002,6,TG-GridWorld2D-S100-C0-D0-cs24-ds8-sep2-shpSq-cl3-rm6-j6-corridor-slip0-seed1002,370,121,3471,1 0 0,1 0 0
tune,Bottleneck3-200,,TopoGym/Bottleneck3-100-v0,GridWorld2D,Bottleneck,200,1000,12,TG-GridWorld2D-S200-C0-D0-cs24-ds8-sep2-shpSq-cl3-rm6-j12-corridor-slip0-seed1000,450,149,3471,1 0 0,1 0 0
tune,Bottleneck3-200,,TopoGym/Bottleneck3-100-v0,GridWorld2D,Bottleneck,200,1001,12,TG-GridWorld2D-S200-C0-D0-cs24-ds8-sep2-shpSq-cl3-rm6-j12-corridor-slip0-seed1001,570,190,3471,1 0 0,1 0 0
tune,Bottleneck3-200,,TopoGym/Bottleneck3-100-v0,GridWorld2D,Bottleneck,200,1002,12,TG-GridWorld2D-S200-C0-D0-cs24-ds8-sep2-shpSq-cl3-rm6-j12-corridor-slip0-seed1002,320,106,3471,1 0 0,1 0 0
tune,Bottleneck6-100,,TopoGym/Bottleneck6-100-v0,GridWorld2D,Bottleneck,100,1000,6,TG-GridWorld2D-S100-C0-D0-cs24-ds8-sep2-shpSq-cl6-rm6-j6-corridor-slip0-seed1000,310,102,3486,1 0 0,1 0 0
tune,Bottleneck6-100,,TopoGym/Bottleneck6-100-v0,GridWorld2D,Bottleneck,100,1001,6,TG-GridWorld2D-S100-C0-D0-cs24-ds8-sep2-shpSq-cl6-rm6-j6-corridor-slip0-seed1001,660,220,3486,1 0 0,1 0 0
tune,Bottleneck6-100,,TopoGym/Bottleneck6-100-v0,GridWorld2D,Bottleneck,100,1002,6,TG-GridWorld2D-S100-C0-D0-cs24-ds8-sep2-shpSq-cl6-rm6-j6-corridor-slip0-seed1002,410,134,3486,1 0 0,1 0 0
tune,Bottleneck6-200,,TopoGym/Bottleneck6-100-v0,GridWorld2D,Bottleneck,200,1000,12,TG-GridWorld2D-S200-C0-D0-cs24-ds8-sep2-shpSq-cl6-rm6-j12-corridor-slip0-seed1000,360,118,3486,1 0 0,1 0 0
tune,Bottleneck6-200,,TopoGym/Bottleneck6-100-v0,GridWorld2D,Bottleneck,200,1001,12,TG-GridWorld2D-S200-C0-D0-cs24-ds8-sep2-shpSq-cl6-rm6-j12-corridor-slip0-seed1001,610,201,3486,1 0 0,1 0 0
tune,Bottleneck6-200,,TopoGym/Bottleneck6-100-v0,GridWorld2D,Bottleneck,200,1002,12,TG-GridWorld2D-S200-C0-D0-cs24-ds8-sep2-shpSq-cl6-rm6-j12-corridor-slip0-seed1002,300,98,3486,1 0 0,1 0 0
tune,ChamberCount1-100,,TopoGym/ChamberCount1-200-v0,GridWorld2D,ChamberCount,100,1000,6,TG-GridWorld2D-S100-C1-D0-cs8-ds8-sep2-shpSq-per-sc-j6-open-slip0-seed1000,300,100,9973,1 0 0,2 1 0
tune,ChamberCount1-100,,TopoGym/ChamberCount1-200-v0,GridWorld2D,ChamberCount,100,1001,6,TG-GridWorld2D-S100-C1-D0-cs8-ds8-sep2-shpSq-per-sc-j6-open-slip0-seed1001,310,102,9973,1 0 0,2 1 0
tune,ChamberCount1-100,,TopoGym/ChamberCount1-200-v0,GridWorld2D,ChamberCount,100,1002,6,TG-GridWorld2D-S100-C1-D0-cs8-ds8-sep2-shpSq-per-sc-j6-open-slip0-seed1002,290,96,9973,1 0 0,2 1 0
tune,ChamberCount1-200,,TopoGym/ChamberCount1-200-v0,GridWorld2D,ChamberCount,200,1000,12,TG-GridWorld2D-S200-C1-D0-cs8-ds8-sep2-shpSq-per-sc-j12-open-slip0-seed1000,590,194,39973,1 0 0,2 1 0
tune,ChamberCount1-200,,TopoGym/ChamberCount1-200-v0,GridWorld2D,ChamberCount,200,1001,12,TG-GridWorld2D-S200-C1-D0-cs8-ds8-sep2-shpSq-per-sc-j12-open-slip0-seed1001,600,198,39973,1 0 0,2 1 0
tune,ChamberCount1-200,,TopoGym/ChamberCount1-200-v0,GridWorld2D,ChamberCount,200,1002,12,TG-GridWorld2D-S200-C1-D0-cs8-ds8-sep2-shpSq-per-sc-j12-open-slip0-seed1002,580,193,39973,1 0 0,2 1 0
tune,ChamberCount2-100,,TopoGym/ChamberCount2-200-v0,GridWorld2D,ChamberCount,100,1000,6,TG-GridWorld2D-S100-C2-D0-cs8-ds8-sep2-shpSq-per-sc-j6-open-slip0-seed1000,300,98,9946,1 0 0,3 2 0
tune,ChamberCount2-100,,TopoGym/ChamberCount2-200-v0,GridWorld2D,ChamberCount,100,1001,6,TG-GridWorld2D-S100-C2-D0-cs8-ds8-sep2-shpSq-per-sc-j6-open-slip0-seed1001,310,102,9946,1 0 0,3 2 0
tune,ChamberCount2-100,,TopoGym/ChamberCount2-200-v0,GridWorld2D,ChamberCount,100,1002,6,TG-GridWorld2D-S100-C2-D0-cs8-ds8-sep2-shpSq-per-sc-j6-open-slip0-seed1002,290,96,9946,1 0 0,3 2 0
tune,ChamberCount2-200,,TopoGym/ChamberCount2-200-v0,GridWorld2D,ChamberCount,200,1000,12,TG-GridWorld2D-S200-C2-D0-cs8-ds8-sep2-shpSq-per-sc-j12-open-slip0-seed1000,580,192,39946,1 0 0,3 2 0
tune,ChamberCount2-200,,TopoGym/ChamberCount2-200-v0,GridWorld2D,ChamberCount,200,1001,12,TG-GridWorld2D-S200-C2-D0-cs8-ds8-sep2-shpSq-per-sc-j12-open-slip0-seed1001,600,198,39946,1 0 0,3 2 0
tune,ChamberCount2-200,,TopoGym/ChamberCount2-200-v0,GridWorld2D,ChamberCount,200,1002,12,TG-GridWorld2D-S200-C2-D0-cs8-ds8-sep2-shpSq-per-sc-j12-open-slip0-seed1002,580,193,39946,1 0 0,3 2 0
tune,ChamberCount4-100,,TopoGym/ChamberCount4-200-v0,GridWorld2D,ChamberCount,100,1000,6,TG-GridWorld2D-S100-C4-D0-cs8-ds8-sep2-shpSq-per-sc-j6-open-slip0-seed1000,270,89,9892,1 0 0,5 4 0
tune,ChamberCount4-100,,TopoGym/ChamberCount4-200-v0,GridWorld2D,ChamberCount,100,1001,6,TG-GridWorld2D-S100-C4-D0-cs8-ds8-sep2-shpSq-per-sc-j6-open-slip0-seed1001,310,102,9892,1 0 0,5 4 0
tune,ChamberCount4-100,,TopoGym/ChamberCount4-200-v0,GridWorld2D,ChamberCount,100,1002,6,TG-GridWorld2D-S100-C4-D0-cs8-ds8-sep2-shpSq-per-sc-j6-open-slip0-seed1002,300,99,9892,1 0 0,5 4 0
tune,ChamberCount4-200,,TopoGym/ChamberCount4-200-v0,GridWorld2D,ChamberCount,200,1000,12,TG-GridWorld2D-S200-C4-D0-cs8-ds8-sep2-shpSq-per-sc-j12-open-slip0-seed1000,550,183,39892,1 0 0,5 4 0
tune,ChamberCount4-200,,TopoGym/ChamberCount4-200-v0,GridWorld2D,ChamberCount,200,1001,12,TG-GridWorld2D-S200-C4-D0-cs8-ds8-sep2-shpSq-per-sc-j12-open-slip0-seed1001,600,198,39892,1 0 0,5 4 0
tune,ChamberCount4-200,,TopoGym/ChamberCount4-200-v0,GridWorld2D,ChamberCount,200,1002,12,TG-GridWorld2D-S200-C4-D0-cs8-ds8-sep2-shpSq-per-sc-j12-open-slip0-seed1002,570,190,39892,1 0 0,5 4 0
tune,ChamberCount8-100,,TopoGym/ChamberCount8-200-v0,GridWorld2D,ChamberCount,100,1000,6,TG-GridWorld2D-S100-C8-D0-cs8-ds8-sep2-shpSq-per-sc-j6-open-slip0-seed1000,180,58,9784,1 0 0,9 8 0
tune,ChamberCount8-100,,TopoGym/ChamberCount8-200-v0,GridWorld2D,ChamberCount,100,1001,6,TG-GridWorld2D-S100-C8-D0-cs8-ds8-sep2-shpSq-per-sc-j6-open-slip0-seed1001,300,99,9784,1 0 0,9 8 0
tune,ChamberCount8-100,,TopoGym/ChamberCount8-200-v0,GridWorld2D,ChamberCount,100,1002,6,TG-GridWorld2D-S100-C8-D0-cs8-ds8-sep2-shpSq-per-sc-j6-open-slip0-seed1002,290,96,9784,1 0 0,9 8 0
tune,ChamberCount8-200,,TopoGym/ChamberCount8-200-v0,GridWorld2D,ChamberCount,200,1000,12,TG-GridWorld2D-S200-C8-D0-cs8-ds8-sep2-shpSq-per-sc-j12-open-slip0-seed1000,340,111,39784,1 0 0,9 8 0
tune,ChamberCount8-200,,TopoGym/ChamberCount8-200-v0,GridWorld2D,ChamberCount,200,1001,12,TG-GridWorld2D-S200-C8-D0-cs8-ds8-sep2-shpSq-per-sc-j12-open-slip0-seed1001,590,196,39784,1 0 0,9 8 0
tune,ChamberCount8-200,,TopoGym/ChamberCount8-200-v0,GridWorld2D,ChamberCount,200,1002,12,TG-GridWorld2D-S200-C8-D0-cs8-ds8-sep2-shpSq-per-sc-j12-open-slip0-seed1002,580,193,39784,1 0 0,9 8 0
tune,Chambers2-100,,TopoGym/Chambers2-100-v0,GridWorld2D,Chambers,100,1000,6,TG-GridWorld2D-S100-C2-D0-cs8-ds8-sep2-shpSq-per-bl-j6-open-slip0-seed1000,330,107,9946,1 0 0,3 2 0
tune,Chambers2-100,,TopoGym/Chambers2-100-v0,GridWorld2D,Chambers,100,1001,6,TG-GridWorld2D-S100-C2-D0-cs8-ds8-sep2-shpSq-per-bl-j6-open-slip0-seed1001,370,123,9946,1 0 0,3 2 0
tune,Chambers2-100,,TopoGym/Chambers2-100-v0,GridWorld2D,Chambers,100,1002,6,TG-GridWorld2D-S100-C2-D0-cs8-ds8-sep2-shpSq-per-bl-j6-open-slip0-seed1002,340,111,9946,1 0 0,3 2 0
tune,Chambers2-200,,TopoGym/Chambers2-200-v0,GridWorld2D,Chambers,200,1000,12,TG-GridWorld2D-S200-C2-D0-cs8-ds8-sep2-shpSq-per-bl-j12-open-slip0-seed1000,630,207,39946,1 0 0,3 2 0
tune,Chambers2-200,,TopoGym/Chambers2-200-v0,GridWorld2D,Chambers,200,1001,12,TG-GridWorld2D-S200-C2-D0-cs8-ds8-sep2-shpSq-per-bl-j12-open-slip0-seed1001,690,227,39946,1 0 0,3 2 0
tune,Chambers2-200,,TopoGym/Chambers2-200-v0,GridWorld2D,Chambers,200,1002,12,TG-GridWorld2D-S200-C2-D0-cs8-ds8-sep2-shpSq-per-bl-j12-open-slip0-seed1002,650,214,39946,1 0 0,3 2 0
tune,Chambers2-400,,TopoGym/Chambers2-400-v0,GridWorld2D,Chambers,400,1000,25,TG-GridWorld2D-S400-C2-D0-cs8-ds8-sep2-shpSq-per-bl-j25-open-slip0-seed1000,1230,407,159946,1 0 0,3 2 0
tune,Chambers2-400,,TopoGym/Chambers2-400-v0,GridWorld2D,Chambers,400,1001,25,TG-GridWorld2D-S400-C2-D0-cs8-ds8-sep2-shpSq-per-bl-j25-open-slip0-seed1001,1310,435,159946,1 0 0,3 2 0
tune,Chambers2-400,,TopoGym/Chambers2-400-v0,GridWorld2D,Chambers,400,1002,25,TG-GridWorld2D-S400-C2-D0-cs8-ds8-sep2-shpSq-per-bl-j25-open-slip0-seed1002,1270,421,159946,1 0 0,3 2 0
tune,Chambers2-50,,TopoGym/Chambers2-50-v0,GridWorld2D,Chambers,50,1000,3,TG-GridWorld2D-S50-C2-D0-cs8-ds8-sep2-shpSq-per-bl-j3-open-slip0-seed1000,180,57,2446,1 0 0,3 2 0
tune,Chambers2-50,,TopoGym/Chambers2-50-v0,GridWorld2D,Chambers,50,1001,3,TG-GridWorld2D-S50-C2-D0-cs8-ds8-sep2-shpSq-per-bl-j3-open-slip0-seed1001,220,71,2446,1 0 0,3 2 0
tune,Chambers2-50,,TopoGym/Chambers2-50-v0,GridWorld2D,Chambers,50,1002,3,TG-GridWorld2D-S50-C2-D0-cs8-ds8-sep2-shpSq-per-bl-j3-open-slip0-seed1002,180,59,2446,1 0 0,3 2 0
tune,ClownChase,,TopoGym/ClownChase-v0,Texture,ClownChase,60,1000,0,TG-Texture-ClownChase-seed1000,90,29,3465,1 3 0,2 4 0
tune,ClownChase,,TopoGym/ClownChase-v0,Texture,ClownChase,60,1001,0,TG-Texture-ClownChase-seed1001,160,51,3465,1 3 0,2 4 0
tune,ClownChase,,TopoGym/ClownChase-v0,Texture,ClownChase,60,1002,0,TG-Texture-ClownChase-seed1002,120,37,3465,1 3 0,2 4 0
tune,Decoys0-100,,TopoGym/Decoys0-50-v0,GridWorld2D,Decoys,100,1000,6,TG-GridWorld2D-S100-C1-D0-cs8-ds8-sep2-shpSq-ctr-ring-bl-j6-open-slip0-seed1000,370,121,9973,1 0 0,2 1 0
tune,Decoys0-100,,TopoGym/Decoys0-50-v0,GridWorld2D,Decoys,100,1001,6,TG-GridWorld2D-S100-C1-D0-cs8-ds8-sep2-shpSq-ctr-ring-bl-j6-open-slip0-seed1001,390,129,9973,1 0 0,2 1 0
tune,Decoys0-100,,TopoGym/Decoys0-50-v0,GridWorld2D,Decoys,100,1002,6,TG-GridWorld2D-S100-C1-D0-cs8-ds8-sep2-shpSq-ctr-ring-bl-j6-open-slip0-seed1002,340,113,9973,1 0 0,2 1 0
tune,Decoys0-50,,TopoGym/Decoys0-50-v0,GridWorld2D,Decoys,50,1000,3,TG-GridWorld2D-S50-C1-D0-cs8-ds8-sep2-shpSq-ctr-ring-bl-j3-open-slip0-seed1000,210,68,2473,1 0 0,2 1 0
tune,Decoys0-50,,TopoGym/Decoys0-50-v0,GridWorld2D,Decoys,50,1001,3,TG-GridWorld2D-S50-C1-D0-cs8-ds8-sep2-shpSq-ctr-ring-bl-j3-open-slip0-seed1001,230,74,2473,1 0 0,2 1 0
tune,Decoys0-50,,TopoGym/Decoys0-50-v0,GridWorld2D,Decoys,50,1002,3,TG-GridWorld2D-S50-C1-D0-cs8-ds8-sep2-shpSq-ctr-ring-bl-j3-open-slip0-seed1002,180,60,2473,1 0 0,2 1 0
tune,Decoys1-100,,TopoGym/Decoys1-50-v0,GridWorld2D,Decoys,100,1000,6,TG-GridWorld2D-S100-C1-D1-cs8-ds8-sep2-shpSq-ctr-ring-bl-j6-open-slip0-seed1000,370,121,9909,1 1 0,2 2 0
tune,Decoys1-100,,TopoGym/Decoys1-50-v0,GridWorld2D,Decoys,100,1001,6,TG-GridWorld2D-S100-C1-D1-cs8-ds8-sep2-shpSq-ctr-ring-bl-j6-open-slip0-seed1001,390,129,9909,1 1 0,2 2 0
tune,Decoys1-100,,TopoGym/Decoys1-50-v0,GridWorld2D,Decoys,100,1002,6,TG-GridWorld2D-S100-C1-D1-cs8-ds8-sep2-shpSq-ctr-ring-bl-j6-open-slip0-seed1002,340,113,9909,1 1 0,2 2 0
tune,Decoys1-50,,TopoGym/Decoys1-50-v0,GridWorld2D,Decoys,50,1000,3,TG-GridWorld2D-S50-C1-D1-cs8-ds8-sep2-shpSq-ctr-ring-bl-j3-open-slip0-seed1000,210,68,2409,1 1 0,2 2 0
tune,Decoys1-50,,TopoGym/Decoys1-50-v0,GridWorld2D,Decoys,50,1001,3,TG-GridWorld2D-S50-C1-D1-cs8-ds8-sep2-shpSq-ctr-ring-bl-j3-open-slip0-seed1001,230,74,2409,1 1 0,2 2 0
tune,Decoys1-50,,TopoGym/Decoys1-50-v0,GridWorld2D,Decoys,50,1002,3,TG-GridWorld2D-S50-C1-D1-cs8-ds8-sep2-shpSq-ctr-ring-bl-j3-open-slip0-seed1002,180,60,2409,1 1 0,2 2 0
tune,Decoys2-100,,TopoGym/Decoys2-50-v0,GridWorld2D,Decoys,100,1000,6,TG-GridWorld2D-S100-C1-D2-cs8-ds8-sep2-shpSq-ctr-ring-bl-j6-open-slip0-seed1000,370,121,9845,1 2 0,2 3 0
tune,Decoys2-100,,TopoGym/Decoys2-50-v0,GridWorld2D,Decoys,100,1001,6,TG-GridWorld2D-S100-C1-D2-cs8-ds8-sep2-shpSq-ctr-ring-bl-j6-open-slip0-seed1001,390,129,9845,1 2 0,2 3 0
tune,Decoys2-100,,TopoGym/Decoys2-50-v0,GridWorld2D,Decoys,100,1002,6,TG-GridWorld2D-S100-C1-D2-cs8-ds8-sep2-shpSq-ctr-ring-bl-j6-open-slip0-seed1002,340,113,9845,1 2 0,2 3 0
tune,Decoys2-50,,TopoGym/Decoys2-50-v0,GridWorld2D,Decoys,50,1000,3,TG-GridWorld2D-S50-C1-D2-cs8-ds8-sep2-shpSq-ctr-ring-bl-j3-open-slip0-seed1000,210,68,2345,1 2 0,2 3 0
tune,Decoys2-50,,TopoGym/Decoys2-50-v0,GridWorld2D,Decoys,50,1001,3,TG-GridWorld2D-S50-C1-D2-cs8-ds8-sep2-shpSq-ctr-ring-bl-j3-open-slip0-seed1001,230,74,2345,1 2 0,2 3 0
tune,Decoys2-50,,TopoGym/Decoys2-50-v0,GridWorld2D,Decoys,50,1002,3,TG-GridWorld2D-S50-C1-D2-cs8-ds8-sep2-shpSq-ctr-ring-bl-j3-open-slip0-seed1002,180,60,2345,1 2 0,2 3 0
tune,Decoys4-100,,TopoGym/Decoys4-50-v0,GridWorld2D,Decoys,100,1000,6,TG-GridWorld2D-S100-C1-D4-cs8-ds8-sep2-shpSq-ctr-ring-bl-j6-open-slip0-seed1000,370,121,9717,1 4 0,2 5 0
tune,Decoys4-100,,TopoGym/Decoys4-50-v0,GridWorld2D,Decoys,100,1001,6,TG-GridWorld2D-S100-C1-D4-cs8-ds8-sep2-shpSq-ctr-ring-bl-j6-open-slip0-seed1001,390,129,9717,1 4 0,2 5 0
tune,Decoys4-100,,TopoGym/Decoys4-50-v0,GridWorld2D,Decoys,100,1002,6,TG-GridWorld2D-S100-C1-D4-cs8-ds8-sep2-shpSq-ctr-ring-bl-j6-open-slip0-seed1002,340,113,9717,1 4 0,2 5 0
tune,Decoys4-50,,TopoGym/Decoys4-50-v0,GridWorld2D,Decoys,50,1000,3,TG-GridWorld2D-S50-C1-D4-cs8-ds8-sep2-shpSq-ctr-ring-bl-j3-open-slip0-seed1000,210,68,2217,1 4 0,2 5 0
tune,Decoys4-50,,TopoGym/Decoys4-50-v0,GridWorld2D,Decoys,50,1001,3,TG-GridWorld2D-S50-C1-D4-cs8-ds8-sep2-shpSq-ctr-ring-bl-j3-open-slip0-seed1001,230,74,2217,1 4 0,2 5 0
tune,Decoys4-50,,TopoGym/Decoys4-50-v0,GridWorld2D,Decoys,50,1002,3,TG-GridWorld2D-S50-C1-D4-cs8-ds8-sep2-shpSq-ctr-ring-bl-j3-open-slip0-seed1002,180,60,2217,1 4 0,2 5 0
tune,Decoys8-100,,TopoGym/Decoys8-50-v0,GridWorld2D,Decoys,100,1000,6,TG-GridWorld2D-S100-C1-D8-cs8-ds8-sep2-shpSq-ctr-ring-bl-j6-open-slip0-seed1000,370,121,9461,1 8 0,2 9 0
tune,Decoys8-100,,TopoGym/Decoys8-50-v0,GridWorld2D,Decoys,100,1001,6,TG-GridWorld2D-S100-C1-D8-cs8-ds8-sep2-shpSq-ctr-ring-bl-j6-open-slip0-seed1001,390,129,9461,1 8 0,2 9 0
tune,Decoys8-100,,TopoGym/Decoys8-50-v0,GridWorld2D,Decoys,100,1002,6,TG-GridWorld2D-S100-C1-D8-cs8-ds8-sep2-shpSq-ctr-ring-bl-j6-open-slip0-seed1002,340,113,9461,1 8 0,2 9 0
tune,Decoys8-50,,TopoGym/Decoys8-50-v0,GridWorld2D,Decoys,50,1000,3,TG-GridWorld2D-S50-C1-D8-cs8-ds8-sep2-shpSq-ctr-ring-bl-j3-open-slip0-seed1000,210,68,1961,1 8 0,2 9 0
tune,Decoys8-50,,TopoGym/Decoys8-50-v0,GridWorld2D,Decoys,50,1001,3,TG-GridWorld2D-S50-C1-D8-cs8-ds8-sep2-shpSq-ctr-ring-bl-j3-open-slip0-seed1001,230,74,1961,1 8 0,2 9 0
tune,Decoys8-50,,TopoGym/Decoys8-50-v0,GridWorld2D,Decoys,50,1002,3,TG-GridWorld2D-S50-C1-D8-cs8-ds8-sep2-shpSq-ctr-ring-bl-j3-open-slip0-seed1002,180,60,1961,1 8 0,2 9 0
tune,Dilution-200,,TopoGym/Dilution-200-v0,GridWorld2D,Dilution,200,1000,12,TG-GridWorld2D-S200-C1-D0-cs8-ds8-sep2-shpSq-ctr-bl-j12-open-slip0-seed1000,670,223,39973,1 0 0,2 1 0
tune,Dilution-200,,TopoGym/Dilution-200-v0,GridWorld2D,Dilution,200,1001,12,TG-GridWorld2D-S200-C1-D0-cs8-ds8-sep2-shpSq-ctr-bl-j12-open-slip0-seed1001,720,239,39973,1 0 0,2 1 0
tune,Dilution-200,,TopoGym/Dilution-200-v0,GridWorld2D,Dilution,200,1002,12,TG-GridWorld2D-S200-C1-D0-cs8-ds8-sep2-shpSq-ctr-bl-j12-open-slip0-seed1002,660,218,39973,1 0 0,2 1 0
tune,Dilution-50,ShapeSq-50,TopoGym/Dilution-50-v0,GridWorld2D,Dilution,50,1000,3,TG-GridWorld2D-S50-C1-D0-cs8-ds8-sep2-shpSq-ctr-bl-j3-open-slip0-seed1000,210,68,2473,1 0 0,2 1 0
tune,Dilution-50,ShapeSq-50,TopoGym/Dilution-50-v0,GridWorld2D,Dilution,50,1001,3,TG-GridWorld2D-S50-C1-D0-cs8-ds8-sep2-shpSq-ctr-bl-j3-open-slip0-seed1001,230,74,2473,1 0 0,2 1 0
tune,Dilution-50,ShapeSq-50,TopoGym/Dilution-50-v0,GridWorld2D,Dilution,50,1002,3,TG-GridWorld2D-S50-C1-D0-cs8-ds8-sep2-shpSq-ctr-bl-j3-open-slip0-seed1002,180,60,2473,1 0 0,2 1 0
tune,DontFall,,TopoGym/DontFall-v0,Texture,DontFall,61,1000,0,TG-Texture-DontFall-seed1000,150,48,3541,1 0 0,13 12 0
tune,DontFall,,TopoGym/DontFall-v0,Texture,DontFall,61,1001,0,TG-Texture-DontFall-seed1001,160,53,3541,1 0 0,13 12 0
tune,DontFall,,TopoGym/DontFall-v0,Texture,DontFall,61,1002,0,TG-Texture-DontFall-seed1002,120,39,3541,1 0 0,13 12 0
tune,EnvironmentalIceShip,,TopoGym/EnvironmentalIceShip-v0,Texture,EnvironmentalIceShip,50,1000,0,TG-Texture-EnvironmentalIceShip-seed1000,190,61,1312,3 4 0,6 4 0
tune,EnvironmentalIceShip,,TopoGym/EnvironmentalIceShip-v0,Texture,EnvironmentalIceShip,50,1001,0,TG-Texture-EnvironmentalIceShip-seed1001,140,44,1311,3 4 0,6 4 0
tune,EnvironmentalIceShip,,TopoGym/EnvironmentalIceShip-v0,Texture,EnvironmentalIceShip,50,1002,0,TG-Texture-EnvironmentalIceShip-seed1002,160,53,1272,3 4 0,6 4 0
tune,GiveUp1-100,,TopoGym/GiveUp1-50-v0,GridWorld2D,GiveUp,100,1000,6,TG-GridWorld2D-S100-C1-D0-cs8-ds8-sep2-shpSq-cor1-ctr-bl-j6-open-slip0-seed1000,370,123,9971,1 0 0,2 1 0
tune,GiveUp1-100,,TopoGym/GiveUp1-50-v0,GridWorld2D,GiveUp,100,1001,6,TG-GridWorld2D-S100-C1-D0-cs8-ds8-sep2-shpSq-cor1-ctr-bl-j6-open-slip0-seed1001,400,131,9971,1 0 0,2 1 0
tune,GiveUp1-100,,TopoGym/GiveUp1-50-v0,GridWorld2D,GiveUp,100,1002,6,TG-GridWorld2D-S100-C1-D0-cs8-ds8-sep2-shpSq-cor1-ctr-bl-j6-open-slip0-seed1002,350,114,9971,1 0 0,2 1 0
tune,GiveUp1-50,,TopoGym/GiveUp1-50-v0,GridWorld2D,GiveUp,50,1000,3,TG-GridWorld2D-S50-C1-D0-cs8-ds8-sep2-shpSq-cor1-ctr-bl-j3-open-slip0-seed1000,210,70,2471,1 0 0,2 1 0
tune,GiveUp1-50,,TopoGym/GiveUp1-50-v0,GridWorld2D,GiveUp,50,1001,3,TG-GridWorld2D-S50-C1-D0-cs8-ds8-sep2-shpSq-cor1-ctr-bl-j3-open-slip0-seed1001,230,76,2471,1 0 0,2 1 0
tune,GiveUp1-50,,TopoGym/GiveUp1-50-v0,GridWorld2D,GiveUp,50,1002,3,TG-GridWorld2D-S50-C1-D0-cs8-ds8-sep2-shpSq-cor1-ctr-bl-j3-open-slip0-seed1002,190,61,2471,1 0 0,2 1 0
tune,GiveUp2-100,,TopoGym/GiveUp2-50-v0,GridWorld2D,GiveUp,100,1000,6,TG-GridWorld2D-S100-C1-D0-cs8-ds8-sep2-shpSq-cor2-ctr-bl-j6-open-slip0-seed1000,380,124,9969,1 0 0,2 1 0
tune,GiveUp2-100,,TopoGym/GiveUp2-50-v0,GridWorld2D,GiveUp,100,1001,6,TG-GridWorld2D-S100-C1-D0-cs8-ds8-sep2-shpSq-cor2-ctr-bl-j6-open-slip0-seed1001,400,132,9969,1 0 0,2 1 0
tune,GiveUp2-100,,TopoGym/GiveUp2-50-v0,GridWorld2D,GiveUp,100,1002,6,TG-GridWorld2D-S100-C1-D0-cs8-ds8-sep2-shpSq-cor2-ctr-bl-j6-open-slip0-seed1002,350,114,9969,1 0 0,2 1 0
tune,GiveUp2-50,,TopoGym/GiveUp2-50-v0,GridWorld2D,GiveUp,50,1000,3,TG-GridWorld2D-S50-C1-D0-cs8-ds8-sep2-shpSq-cor2-ctr-bl-j3-open-slip0-seed1000,220,71,2469,1 0 0,2 1 0
tune,GiveUp2-50,,TopoGym/GiveUp2-50-v0,GridWorld2D,GiveUp,50,1001,3,TG-GridWorld2D-S50-C1-D0-cs8-ds8-sep2-shpSq-cor2-ctr-bl-j3-open-slip0-seed1001,240,77,2469,1 0 0,2 1 0
tune,GiveUp2-50,,TopoGym/GiveUp2-50-v0,GridWorld2D,GiveUp,50,1002,3,TG-GridWorld2D-S50-C1-D0-cs8-ds8-sep2-shpSq-cor2-ctr-bl-j3-open-slip0-seed1002,190,61,2469,1 0 0,2 1 0
tune,GiveUp4-100,,TopoGym/GiveUp4-50-v0,GridWorld2D,GiveUp,100,1000,6,TG-GridWorld2D-S100-C1-D0-cs8-ds8-sep2-shpSq-cor4-ctr-bl-j6-open-slip0-seed1000,390,127,9965,1 0 0,2 1 0
tune,GiveUp4-100,,TopoGym/GiveUp4-50-v0,GridWorld2D,GiveUp,100,1001,6,TG-GridWorld2D-S100-C1-D0-cs8-ds8-sep2-shpSq-cor4-ctr-bl-j6-open-slip0-seed1001,410,135,9965,1 0 0,2 1 0
tune,GiveUp4-100,,TopoGym/GiveUp4-50-v0,GridWorld2D,GiveUp,100,1002,6,TG-GridWorld2D-S100-C1-D0-cs8-ds8-sep2-shpSq-cor4-ctr-bl-j6-open-slip0-seed1002,350,115,9965,1 0 0,2 1 0
tune,GiveUp4-50,,TopoGym/GiveUp4-50-v0,GridWorld2D,GiveUp,50,1000,3,TG-GridWorld2D-S50-C1-D0-cs8-ds8-sep2-shpSq-cor4-ctr-bl-j3-open-slip0-seed1000,230,74,2465,1 0 0,2 1 0
tune,GiveUp4-50,,TopoGym/GiveUp4-50-v0,GridWorld2D,GiveUp,50,1001,3,TG-GridWorld2D-S50-C1-D0-cs8-ds8-sep2-shpSq-cor4-ctr-bl-j3-open-slip0-seed1001,240,80,2465,1 0 0,2 1 0
tune,GiveUp4-50,,TopoGym/GiveUp4-50-v0,GridWorld2D,GiveUp,50,1002,3,TG-GridWorld2D-S50-C1-D0-cs8-ds8-sep2-shpSq-cor4-ctr-bl-j3-open-slip0-seed1002,190,62,2465,1 0 0,2 1 0
tune,IceShip,,TopoGym/IceShip-v0,Texture,IceShip,50,1000,0,TG-Texture-IceShip-seed1000,180,57,1312,3 4 0,6 4 0
tune,IceShip,,TopoGym/IceShip-v0,Texture,IceShip,50,1001,0,TG-Texture-IceShip-seed1001,140,44,1311,3 4 0,6 4 0
tune,IceShip,,TopoGym/IceShip-v0,Texture,IceShip,50,1002,0,TG-Texture-IceShip-seed1002,150,47,1272,3 4 0,6 4 0
tune,Ladders,,TopoGym/Ladders-v0,Texture,Ladders,50,1000,0,TG-Texture-Ladders-seed1000,290,96,996,1 0 0,1 0 0
tune,Ladders,,TopoGym/Ladders-v0,Texture,Ladders,50,1001,0,TG-Texture-Ladders-seed1001,310,102,996,1 0 0,1 0 0
tune,Ladders,,TopoGym/Ladders-v0,Texture,Ladders,50,1002,0,TG-Texture-Ladders-seed1002,310,103,996,1 0 0,1 0 0
tune,Maze-100,,TopoGym/Maze-100-v0,GridWorld2D,Maze,100,1000,6,TG-GridWorld2D-S100-C0-D0-cs8-ds8-sep2-shpSq-j6-maze-slip0-seed1000,5270,1755,4801,1 0 0,1 0 0
tune,Maze-100,,TopoGym/Maze-100-v0,GridWorld2D,Maze,100,1001,6,TG-GridWorld2D-S100-C0-D0-cs8-ds8-sep2-shpSq-j6-maze-slip0-seed1001,7830,2609,4801,1 0 0,1 0 0
tune,Maze-100,,TopoGym/Maze-100-v0,GridWorld2D,Maze,100,1002,6,TG-GridWorld2D-S100-C0-D0-cs8-ds8-sep2-shpSq-j6-maze-slip0-seed1002,6140,2045,4801,1 0 0,1 0 0
tune,Maze-50,,TopoGym/Maze-50-v0,GridWorld2D,Maze,50,1000,3,TG-GridWorld2D-S50-C0-D0-cs8-ds8-sep2-shpSq-j3-maze-slip0-seed1000,1620,538,1151,1 0 0,1 0 0
tune,Maze-50,,TopoGym/Maze-50-v0,GridWorld2D,Maze,50,1001,3,TG-GridWorld2D-S50-C0-D0-cs8-ds8-sep2-shpSq-j3-maze-slip0-seed1001,2000,666,1151,1 0 0,1 0 0
tune,Maze-50,,TopoGym/Maze-50-v0,GridWorld2D,Maze,50,1002,3,TG-GridWorld2D-S50-C0-D0-cs8-ds8-sep2-shpSq-j3-maze-slip0-seed1002,2140,711,1151,1 0 0,1 0 0
tune,Nested1-100,,TopoGym/Nested1-50-v0,GridWorld2D,Nested,100,1000,6,TG-GridWorld2D-S100-C1-D0-cs8-ds8-sep2-shpSq-nd1-j6-nested-slip0-seed1000,290,96,9914,1 0 0,3 2 0
tune,Nested1-100,,TopoGym/Nested1-50-v0,GridWorld2D,Nested,100,1001,6,TG-GridWorld2D-S100-C1-D0-cs8-ds8-sep2-shpSq-nd1-j6-nested-slip0-seed1001,270,90,9914,1 0 0,3 2 0
tune,Nested1-100,,TopoGym/Nested1-50-v0,GridWorld2D,Nested,100,1002,6,TG-GridWorld2D-S100-C1-D0-cs8-ds8-sep2-shpSq-nd1-j6-nested-slip0-seed1002,250,83,9914,1 0 0,3 2 0
tune,Nested1-50,,TopoGym/Nested1-50-v0,GridWorld2D,Nested,50,1000,3,TG-GridWorld2D-S50-C1-D0-cs8-ds8-sep2-shpSq-nd1-j3-nested-slip0-seed1000,210,68,2414,1 0 0,3 2 0
tune,Nested1-50,,TopoGym/Nested1-50-v0,GridWorld2D,Nested,50,1001,3,TG-GridWorld2D-S50-C1-D0-cs8-ds8-sep2-shpSq-nd1-j3-nested-slip0-seed1001,120,38,2414,1 0 0,3 2 0
tune,Nested1-50,,TopoGym/Nested1-50-v0,GridWorld2D,Nested,50,1002,3,TG-GridWorld2D-S50-C1-D0-cs8-ds8-sep2-shpSq-nd1-j3-nested-slip0-seed1002,170,55,2414,1 0 0,3 2 0
tune,Nested2-100,,TopoGym/Nested2-50-v0,GridWorld2D,Nested,100,1000,6,TG-GridWorld2D-S100-C1-D0-cs8-ds8-sep2-shpSq-nd2-j6-nested-slip0-seed1000,350,116,9835,1 0 0,4 3 0
tune,Nested2-100,,TopoGym/Nested2-50-v0,GridWorld2D,Nested,100,1001,6,TG-GridWorld2D-S100-C1-D0-cs8-ds8-sep2-shpSq-nd2-j6-nested-slip0-seed1001,360,118,9835,1 0 0,4 3 0
tune,Nested2-100,,TopoGym/Nested2-50-v0,GridWorld2D,Nested,100,1002,6,TG-GridWorld2D-S100-C1-D0-cs8-ds8-sep2-shpSq-nd2-j6-nested-slip0-seed1002,300,100,9835,1 0 0,4 3 0
tune,Nested2-50,,TopoGym/Nested2-50-v0,GridWorld2D,Nested,50,1000,3,TG-GridWorld2D-S50-C1-D0-cs8-ds8-sep2-shpSq-nd2-j3-nested-slip0-seed1000,190,62,2335,1 0 0,4 3 0
tune,Nested2-50,,TopoGym/Nested2-50-v0,GridWorld2D,Nested,50,1001,3,TG-GridWorld2D-S50-C1-D0-cs8-ds8-sep2-shpSq-nd2-j3-nested-slip0-seed1001,230,75,2335,1 0 0,4 3 0
tune,Nested2-50,,TopoGym/Nested2-50-v0,GridWorld2D,Nested,50,1002,3,TG-GridWorld2D-S50-C1-D0-cs8-ds8-sep2-shpSq-nd2-j3-nested-slip0-seed1002,240,78,2335,1 0 0,4 3 0
tune,Nested3-100,,TopoGym/Nested3-50-v0,GridWorld2D,Nested,100,1000,6,TG-GridWorld2D-S100-C1-D0-cs8-ds8-sep2-shpSq-nd3-j6-nested-slip0-seed1000,440,144,9732,1 0 0,5 4 0
tune,Nested3-100,,TopoGym/Nested3-50-v0,GridWorld2D,Nested,100,1001,6,TG-GridWorld2D-S100-C1-D0-cs8-ds8-sep2-shpSq-nd3-j6-nested-slip0-seed1001,500,165,9732,1 0 0,5 4 0
tune,Nested3-100,,TopoGym/Nested3-50-v0,GridWorld2D,Nested,100,1002,6,TG-GridWorld2D-S100-C1-D0-cs8-ds8-sep2-shpSq-nd3-j6-nested-slip0-seed1002,360,119,9732,1 0 0,5 4 0
tune,Nested3-50,,TopoGym/Nested3-50-v0,GridWorld2D,Nested,50,1000,3,TG-GridWorld2D-S50-C1-D0-cs8-ds8-sep2-shpSq-nd3-j3-nested-slip0-seed1000,360,120,2232,1 0 0,5 4 0
tune,Nested3-50,,TopoGym/Nested3-50-v0,GridWorld2D,Nested,50,1001,3,TG-GridWorld2D-S50-C1-D0-cs8-ds8-sep2-shpSq-nd3-j3-nested-slip0-seed1001,380,125,2232,1 0 0,5 4 0
tune,Nested3-50,,TopoGym/Nested3-50-v0,GridWorld2D,Nested,50,1002,3,TG-GridWorld2D-S50-C1-D0-cs8-ds8-sep2-shpSq-nd3-j3-nested-slip0-seed1002,300,100,2232,1 0 0,5 4 0
tune,SearchRescue,,TopoGym/SearchRescue-v0,Texture,SearchRescue,61,1000,0,TG-Texture-SearchRescue-seed1000,220,73,2642,1 160 0,2 161 0
tune,SearchRescue,,TopoGym/SearchRescue-v0,Texture,SearchRescue,61,1001,0,TG-Texture-SearchRescue-seed1001,270,90,2706,1 160 0,2 161 0
tune,SearchRescue,,TopoGym/SearchRescue-v0,Texture,SearchRescue,61,1002,0,TG-Texture-SearchRescue-seed1002,280,93,2659,1 160 0,2 161 0
tune,ShapeCi-100,,TopoGym/ShapeCi-50-v0,GridWorld2D,ShapeCi,100,1000,6,TG-GridWorld2D-S100-C1-D0-cs8-ds8-sep2-shpCi-ctr-bl-j6-open-slip0-seed1000,330,110,9969,1 0 0,2 1 0
tune,ShapeCi-100,,TopoGym/ShapeCi-50-v0,GridWorld2D,ShapeCi,100,1001,6,TG-GridWorld2D-S100-C1-D0-cs8-ds8-sep2-shpCi-ctr-bl-j6-open-slip0-seed1001,390,128,9969,1 0 0,2 1 0
tune,ShapeCi-100,,TopoGym/ShapeCi-50-v0,GridWorld2D,ShapeCi,100,1002,6,TG-GridWorld2D-S100-C1-D0-cs8-ds8-sep2-shpCi-ctr-bl-j6-open-slip0-seed1002,340,112,9969,1 0 0,2 1 0
tune,ShapeCi-50,,TopoGym/ShapeCi-50-v0,GridWorld2D,ShapeCi,50,1000,3,TG-GridWorld2D-S50-C1-D0-cs8-ds8-sep2-shpCi-ctr-bl-j3-open-slip0-seed1000,180,57,2469,1 0 0,2 1 0
tune,ShapeCi-50,,TopoGym/ShapeCi-50-v0,GridWorld2D,ShapeCi,50,1001,3,TG-GridWorld2D-S50-C1-D0-cs8-ds8-sep2-shpCi-ctr-bl-j3-open-slip0-seed1001,220,73,2469,1 0 0,2 1 0
tune,ShapeCi-50,,TopoGym/ShapeCi-50-v0,GridWorld2D,ShapeCi,50,1002,3,TG-GridWorld2D-S50-C1-D0-cs8-ds8-sep2-shpCi-ctr-bl-j3-open-slip0-seed1002,180,59,2469,1 0 0,2 1 0
tune,ShapeSq-100,,TopoGym/ShapeSq-50-v0,GridWorld2D,ShapeSq,100,1000,6,TG-GridWorld2D-S100-C1-D0-cs8-ds8-sep2-shpSq-ctr-bl-j6-open-slip0-seed1000,370,121,9973,1 0 0,2 1 0
tune,ShapeSq-100,,TopoGym/ShapeSq-50-v0,GridWorld2D,ShapeSq,100,1001,6,TG-GridWorld2D-S100-C1-D0-cs8-ds8-sep2-shpSq-ctr-bl-j6-open-slip0-seed1001,390,129,9973,1 0 0,2 1 0
tune,ShapeSq-100,,TopoGym/ShapeSq-50-v0,GridWorld2D,ShapeSq,100,1002,6,TG-GridWorld2D-S100-C1-D0-cs8-ds8-sep2-shpSq-ctr-bl-j6-open-slip0-seed1002,340,113,9973,1 0 0,2 1 0
tune,ShapeSt-100,,TopoGym/ShapeSt-50-v0,GridWorld2D,ShapeSt,100,1000,6,TG-GridWorld2D-S100-C1-D0-cs8-ds8-sep2-shpSt-ctr-bl-j6-open-slip0-seed1000,380,125,9957,1 0 0,2 1 0
tune,ShapeSt-100,,TopoGym/ShapeSt-50-v0,GridWorld2D,ShapeSt,100,1001,6,TG-GridWorld2D-S100-C1-D0-cs8-ds8-sep2-shpSt-ctr-bl-j6-open-slip0-seed1001,420,137,9957,1 0 0,2 1 0
tune,ShapeSt-100,,TopoGym/ShapeSt-50-v0,GridWorld2D,ShapeSt,100,1002,6,TG-GridWorld2D-S100-C1-D0-cs8-ds8-sep2-shpSt-ctr-bl-j6-open-slip0-seed1002,340,112,9957,1 0 0,2 1 0
tune,ShapeSt-50,,TopoGym/ShapeSt-50-v0,GridWorld2D,ShapeSt,50,1000,3,TG-GridWorld2D-S50-C1-D0-cs8-ds8-sep2-shpSt-ctr-bl-j3-open-slip0-seed1000,220,72,2457,1 0 0,2 1 0
tune,ShapeSt-50,,TopoGym/ShapeSt-50-v0,GridWorld2D,ShapeSt,50,1001,3,TG-GridWorld2D-S50-C1-D0-cs8-ds8-sep2-shpSt-ctr-bl-j3-open-slip0-seed1001,250,82,2457,1 0 0,2 1 0
tune,ShapeSt-50,,TopoGym/ShapeSt-50-v0,GridWorld2D,ShapeSt,50,1002,3,TG-GridWorld2D-S50-C1-D0-cs8-ds8-sep2-shpSt-ctr-bl-j3-open-slip0-seed1002,180,59,2457,1 0 0,2 1 0
tune,ShapeTr-100,,TopoGym/ShapeTr-50-v0,GridWorld2D,ShapeTr,100,1000,6,TG-GridWorld2D-S100-C1-D0-cs8-ds8-sep2-shpTr-ctr-bl-j6-open-slip0-seed1000,350,116,9959,1 0 0,2 1 0
tune,ShapeTr-100,,TopoGym/ShapeTr-50-v0,GridWorld2D,ShapeTr,100,1001,6,TG-GridWorld2D-S100-C1-D0-cs8-ds8-sep2-shpTr-ctr-bl-j6-open-slip0-seed1001,380,126,9959,1 0 0,2 1 0
tune,ShapeTr-100,,TopoGym/ShapeTr-50-v0,GridWorld2D,ShapeTr,100,1002,6,TG-GridWorld2D-S100-C1-D0-cs8-ds8-sep2-shpTr-ctr-bl-j6-open-slip0-seed1002,350,115,9959,1 0 0,2 1 0
tune,ShapeTr-50,,TopoGym/ShapeTr-50-v0,GridWorld2D,ShapeTr,50,1000,3,TG-GridWorld2D-S50-C1-D0-cs8-ds8-sep2-shpTr-ctr-bl-j3-open-slip0-seed1000,190,63,2459,1 0 0,2 1 0
tune,ShapeTr-50,,TopoGym/ShapeTr-50-v0,GridWorld2D,ShapeTr,50,1001,3,TG-GridWorld2D-S50-C1-D0-cs8-ds8-sep2-shpTr-ctr-bl-j3-open-slip0-seed1001,220,71,2459,1 0 0,2 1 0
tune,ShapeTr-50,,TopoGym/ShapeTr-50-v0,GridWorld2D,ShapeTr,50,1002,3,TG-GridWorld2D-S50-C1-D0-cs8-ds8-sep2-shpTr-ctr-bl-j3-open-slip0-seed1002,190,62,2459,1 0 0,2 1 0
tune,SpaceWarp,,TopoGym/SpaceWarp-v0,Texture,SpaceWarp,50,1000,0,TG-Texture-SpaceWarp-seed1000,130,42,2391,2 1 0,5 4 0
tune,SpaceWarp,,TopoGym/SpaceWarp-v0,Texture,SpaceWarp,50,1001,0,TG-Texture-SpaceWarp-seed1001,150,50,2391,2 1 0,5 4 0
tune,SpaceWarp,,TopoGym/SpaceWarp-v0,Texture,SpaceWarp,50,1002,0,TG-Texture-SpaceWarp-seed1002,110,35,2391,2 1 0,5 4 0
tune,TopCylinder-50,,TopoGym/TopCylinder-50-v0,Top,TopCylinder,50,1000,0,TG-Top-TopCylinder-seed1000,150,47,2392,1 1 0,5 5 0
tune,TopCylinder-50,,TopoGym/TopCylinder-50-v0,Top,TopCylinder,50,1001,0,TG-Top-TopCylinder-seed1001,120,37,2392,1 1 0,5 5 0
tune,TopCylinder-50,,TopoGym/TopCylinder-50-v0,Top,TopCylinder,50,1002,0,TG-Top-TopCylinder-seed1002,130,42,2392,1 1 0,5 5 0
tune,TopKlein-50,,TopoGym/TopKlein-50-v0,Top,TopKlein,50,1000,0,TG-Top-TopKlein-seed1000,150,47,2392,1 2 1,5 5 0
tune,TopKlein-50,,TopoGym/TopKlein-50-v0,Top,TopKlein,50,1001,0,TG-Top-TopKlein-seed1001,120,37,2392,1 2 1,5 5 0
tune,TopKlein-50,,TopoGym/TopKlein-50-v0,Top,TopKlein,50,1002,0,TG-Top-TopKlein-seed1002,130,42,2392,1 2 1,5 5 0
tune,TopMobius-50,,TopoGym/TopMobius-50-v0,Top,TopMobius,50,1000,0,TG-Top-TopMobius-seed1000,150,47,2392,1 1 0,5 5 0
tune,TopMobius-50,,TopoGym/TopMobius-50-v0,Top,TopMobius,50,1001,0,TG-Top-TopMobius-seed1001,120,37,2392,1 1 0,5 5 0
tune,TopMobius-50,,TopoGym/TopMobius-50-v0,Top,TopMobius,50,1002,0,TG-Top-TopMobius-seed1002,130,42,2392,1 1 0,5 5 0
tune,TopPlane-50,,TopoGym/TopPlane-50-v0,Top,TopPlane,50,1000,0,TG-Top-TopPlane-seed1000,150,47,2392,1 0 0,5 4 0
tune,TopPlane-50,,TopoGym/TopPlane-50-v0,Top,TopPlane,50,1001,0,TG-Top-TopPlane-seed1001,120,37,2392,1 0 0,5 4 0
tune,TopPlane-50,,TopoGym/TopPlane-50-v0,Top,TopPlane,50,1002,0,TG-Top-TopPlane-seed1002,130,42,2392,1 0 0,5 4 0
tune,TopRP2-50,,TopoGym/TopRP2-50-v0,Top,TopRP2,50,1000,0,TG-Top-TopRP2-seed1000,150,47,2392,1 1 1,5 4 0
tune,TopRP2-50,,TopoGym/TopRP2-50-v0,Top,TopRP2,50,1001,0,TG-Top-TopRP2-seed1001,120,37,2392,1 1 1,5 4 0
tune,TopRP2-50,,TopoGym/TopRP2-50-v0,Top,TopRP2,50,1002,0,TG-Top-TopRP2-seed1002,130,42,2392,1 1 1,5 4 0
tune,TopTorus-50,,TopoGym/TopTorus-50-v0,Top,TopTorus,50,1000,0,TG-Top-TopTorus-seed1000,150,47,2392,1 2 1,5 5 0
tune,TopTorus-50,,TopoGym/TopTorus-50-v0,Top,TopTorus,50,1001,0,TG-Top-TopTorus-seed1001,120,37,2392,1 2 1,5 5 0
tune,TopTorus-50,,TopoGym/TopTorus-50-v0,Top,TopTorus,50,1002,0,TG-Top-TopTorus-seed1002,130,42,2392,1 2 1,5 5 0
